idx,file,label,cls,group,part
0,00000.png,1,ischemic,0,train
1,00001.png,1,ischemic,1,train
2,00002.png,1,ischemic,2,train
3,00003.png,1,ischemic,3,val
4,00004.png,1,ischemic,4,train
5,00005.png,1,ischemic,5,train
6,00006.png,1,ischemic,6,train
7,00007.png,1,ischemic,7,train
8,00008.png,1,ischemic,8,train
9,00009.png,1,ischemic,9,train
10,00010.png,1,ischemic,10,test
11,00011.png,1,ischemic,11,train
12,00012.png,1,ischemic,12,test
13,00013.png,1,ischemic,13,train
14,00014.png,1,ischemic,14,train
15,00015.png,1,ischemic,15,train
16,00016.png,1,ischemic,16,train
17,00017.png,1,ischemic,321,test
18,00018.png,1,ischemic,17,val
19,00019.png,1,ischemic,18,train
20,00020.png,1,ischemic,19,train
21,00021.png,1,ischemic,20,test
22,00022.png,1,ischemic,21,test
23,00023.png,1,ischemic,22,train
24,00024.png,1,ischemic,23,test
25,00025.png,1,ischemic,24,train
26,00026.png,1,ischemic,25,val
27,00027.png,1,ischemic,26,test
28,00028.png,1,ischemic,27,train
29,00029.png,1,ischemic,28,test
30,00030.png,1,ischemic,29,test
31,00031.png,1,ischemic,30,test
32,00032.png,1,ischemic,31,val
33,00033.png,1,ischemic,32,train
34,00034.png,1,ischemic,33,train
35,00035.png,1,ischemic,34,train
36,00036.png,1,ischemic,417,val
37,00037.png,1,ischemic,35,test
38,00038.png,1,ischemic,36,train
39,00039.png,1,ischemic,37,train
40,00040.png,1,ischemic,38,train
41,00041.png,1,ischemic,39,val
42,00042.png,1,ischemic,558,train
43,00043.png,1,ischemic,40,val
44,00044.png,1,ischemic,41,train
45,00045.png,1,ischemic,42,train
46,00046.png,1,ischemic,43,test
47,00047.png,1,ischemic,44,val
48,00048.png,1,ischemic,45,train
49,00049.png,1,ischemic,46,test
50,00050.png,1,ischemic,47,val
51,00051.png,1,ischemic,48,train
52,00052.png,1,ischemic,49,train
53,00053.png,1,ischemic,50,train
54,00054.png,1,ischemic,51,train
55,00055.png,1,ischemic,52,train
56,00056.png,1,ischemic,53,train
57,00057.png,1,ischemic,54,train
58,00058.png,1,ischemic,55,train
59,00059.png,1,ischemic,56,train
60,00060.png,1,ischemic,57,train
61,00061.png,1,ischemic,58,train
62,00062.png,1,ischemic,59,train
63,00063.png,1,ischemic,60,train
64,00064.png,1,ischemic,61,train
65,00065.png,1,ischemic,62,train
66,00066.png,1,ischemic,63,train
67,00067.png,1,ischemic,64,test
68,00068.png,1,ischemic,65,test
69,00069.png,1,ischemic,11,train
70,00070.png,1,ischemic,66,train
71,00071.png,1,ischemic,67,test
72,00072.png,1,ischemic,68,train
73,00073.png,1,ischemic,69,val
74,00074.png,1,ischemic,70,train
75,00075.png,1,ischemic,71,train
76,00076.png,1,ischemic,72,train
77,00077.png,1,ischemic,73,train
78,00078.png,1,ischemic,74,train
79,00079.png,1,ischemic,75,train
80,00080.png,1,ischemic,76,train
81,00081.png,1,ischemic,77,train
82,00082.png,1,ischemic,78,train
83,00083.png,1,ischemic,79,train
84,00084.png,1,ischemic,80,val
85,00085.png,1,ischemic,81,train
86,00086.png,1,ischemic,82,train
87,00087.png,1,ischemic,83,val
88,00088.png,1,ischemic,84,train
89,00089.png,1,ischemic,85,train
90,00090.png,1,ischemic,86,train
91,00091.png,1,ischemic,87,train
92,00092.png,1,ischemic,134,train
93,00093.png,1,ischemic,88,test
94,00094.png,1,ischemic,89,train
95,00095.png,1,ischemic,90,test
96,00096.png,1,ischemic,91,train
97,00097.png,1,ischemic,68,train
98,00098.png,1,ischemic,92,train
99,00099.png,1,ischemic,50,train
100,00100.png,1,ischemic,93,test
101,00101.png,1,ischemic,94,train
102,00102.png,1,ischemic,95,train
103,00103.png,1,ischemic,96,test
104,00104.png,1,ischemic,97,train
105,00105.png,1,ischemic,98,val
106,00106.png,1,ischemic,99,train
107,00107.png,1,ischemic,100,train
108,00108.png,1,ischemic,101,train
109,00109.png,1,ischemic,102,train
110,00110.png,1,ischemic,103,train
111,00111.png,1,ischemic,104,train
112,00112.png,1,ischemic,921,test
113,00113.png,1,ischemic,105,val
114,00114.png,1,ischemic,106,train
115,00115.png,1,ischemic,107,train
116,00116.png,1,ischemic,108,train
117,00117.png,1,ischemic,109,train
118,00118.png,1,ischemic,110,val
119,00119.png,1,ischemic,111,train
120,00120.png,1,ischemic,112,train
121,00121.png,1,ischemic,113,train
122,00122.png,1,ischemic,114,train
123,00123.png,1,ischemic,115,train
124,00124.png,1,ischemic,116,train
125,00125.png,1,ischemic,117,train
126,00126.png,1,ischemic,118,train
127,00127.png,1,ischemic,119,train
128,00128.png,1,ischemic,120,test
129,00129.png,1,ischemic,121,train
130,00130.png,1,ischemic,122,train
131,00131.png,1,ischemic,123,train
132,00132.png,1,ischemic,124,train
133,00133.png,1,ischemic,125,train
134,00134.png,1,ischemic,126,train
135,00135.png,1,ischemic,127,train
136,00136.png,1,ischemic,128,test
137,00137.png,1,ischemic,129,train
138,00138.png,1,ischemic,130,val
139,00139.png,1,ischemic,131,train
140,00140.png,1,ischemic,28,test
141,00141.png,1,ischemic,132,val
142,00142.png,1,ischemic,133,test
143,00143.png,1,ischemic,134,train
144,00144.png,1,ischemic,135,val
145,00145.png,1,ischemic,136,val
146,00146.png,1,ischemic,137,train
147,00147.png,1,ischemic,138,train
148,00148.png,1,ischemic,139,test
149,00149.png,1,ischemic,140,train
150,00150.png,1,ischemic,107,train
151,00151.png,1,ischemic,141,train
152,00152.png,1,ischemic,142,train
153,00153.png,1,ischemic,143,val
154,00154.png,1,ischemic,144,train
155,00155.png,1,ischemic,134,train
156,00156.png,1,ischemic,145,val
157,00157.png,1,ischemic,146,train
158,00158.png,1,ischemic,147,val
159,00159.png,1,ischemic,148,train
160,00160.png,1,ischemic,149,train
161,00161.png,1,ischemic,150,train
162,00162.png,1,ischemic,151,train
163,00163.png,1,ischemic,286,train
164,00164.png,1,ischemic,152,train
165,00165.png,1,ischemic,153,test
166,00166.png,1,ischemic,154,val
167,00167.png,1,ischemic,155,train
168,00168.png,1,ischemic,156,train
169,00169.png,1,ischemic,157,val
170,00170.png,1,ischemic,286,train
171,00171.png,1,ischemic,158,val
172,00172.png,1,ischemic,159,train
173,00173.png,1,ischemic,160,train
174,00174.png,1,ischemic,161,test
175,00175.png,1,ischemic,162,train
176,00176.png,1,ischemic,75,train
177,00177.png,1,ischemic,163,val
178,00178.png,1,ischemic,164,train
179,00179.png,1,ischemic,165,test
180,00180.png,1,ischemic,166,train
181,00181.png,1,ischemic,167,val
182,00182.png,1,ischemic,168,train
183,00183.png,1,ischemic,169,train
184,00184.png,1,ischemic,170,train
185,00185.png,1,ischemic,171,val
186,00186.png,1,ischemic,172,val
187,00187.png,1,ischemic,173,test
188,00188.png,1,ischemic,174,train
189,00189.png,1,ischemic,175,train
190,00190.png,1,ischemic,75,train
191,00191.png,1,ischemic,176,val
192,00192.png,1,ischemic,177,val
193,00193.png,1,ischemic,178,train
194,00194.png,1,ischemic,179,test
195,00195.png,1,ischemic,180,train
196,00196.png,1,ischemic,181,val
197,00197.png,1,ischemic,182,train
198,00198.png,1,ischemic,183,test
199,00199.png,1,ischemic,184,val
200,00200.png,1,ischemic,185,train
201,00201.png,1,ischemic,186,train
202,00202.png,1,ischemic,187,train
203,00203.png,1,ischemic,188,val
204,00204.png,1,ischemic,75,train
205,00205.png,1,ischemic,189,val
206,00206.png,1,ischemic,190,test
207,00207.png,1,ischemic,191,train
208,00208.png,1,ischemic,192,val
209,00209.png,1,ischemic,193,train
210,00210.png,1,ischemic,194,train
211,00211.png,1,ischemic,195,val
212,00212.png,1,ischemic,196,train
213,00213.png,1,ischemic,197,train
214,00214.png,1,ischemic,198,train
215,00215.png,1,ischemic,199,val
216,00216.png,1,ischemic,200,train
217,00217.png,1,ischemic,201,train
218,00218.png,1,ischemic,202,val
219,00219.png,1,ischemic,203,train
220,00220.png,1,ischemic,204,train
221,00221.png,1,ischemic,205,train
222,00222.png,1,ischemic,206,test
223,00223.png,1,ischemic,207,train
224,00224.png,1,ischemic,208,train
225,00225.png,1,ischemic,209,val
226,00226.png,1,ischemic,210,train
227,00227.png,1,ischemic,211,train
228,00228.png,1,ischemic,212,train
229,00229.png,1,ischemic,213,val
230,00230.png,1,ischemic,214,train
231,00231.png,1,ischemic,215,train
232,00232.png,1,ischemic,216,train
233,00233.png,1,ischemic,217,train
234,00234.png,1,ischemic,218,train
235,00235.png,1,ischemic,219,train
236,00236.png,1,ischemic,220,val
237,00237.png,1,ischemic,221,train
238,00238.png,1,ischemic,222,train
239,00239.png,1,ischemic,223,train
240,00240.png,1,ischemic,224,train
241,00241.png,1,ischemic,225,test
242,00242.png,1,ischemic,226,test
243,00243.png,1,ischemic,227,train
244,00244.png,1,ischemic,228,train
245,00245.png,1,ischemic,229,train
246,00246.png,1,ischemic,230,train
247,00247.png,1,ischemic,231,train
248,00248.png,1,ischemic,232,train
249,00249.png,1,ischemic,233,test
250,00250.png,1,ischemic,286,train
251,00251.png,1,ischemic,234,test
252,00252.png,1,ischemic,235,test
253,00253.png,1,ischemic,236,val
254,00254.png,1,ischemic,237,train
255,00255.png,1,ischemic,238,val
256,00256.png,1,ischemic,239,train
257,00257.png,1,ischemic,240,val
258,00258.png,1,ischemic,241,train
259,00259.png,1,ischemic,44,val
260,00260.png,1,ischemic,242,test
261,00261.png,1,ischemic,243,train
262,00262.png,1,ischemic,244,test
263,00263.png,1,ischemic,245,train
264,00264.png,1,ischemic,246,train
265,00265.png,1,ischemic,247,train
266,00266.png,1,ischemic,248,train
267,00267.png,1,ischemic,249,train
268,00268.png,1,ischemic,250,train
269,00269.png,1,ischemic,251,test
270,00270.png,1,ischemic,252,train
271,00271.png,1,ischemic,253,train
272,00272.png,1,ischemic,254,test
273,00273.png,1,ischemic,255,train
274,00274.png,1,ischemic,872,train
275,00275.png,1,ischemic,558,train
276,00276.png,1,ischemic,256,test
277,00277.png,1,ischemic,257,train
278,00278.png,1,ischemic,258,train
279,00279.png,1,ischemic,259,train
280,00280.png,1,ischemic,260,val
281,00281.png,1,ischemic,261,train
282,00282.png,1,ischemic,262,val
283,00283.png,1,ischemic,263,train
284,00284.png,1,ischemic,264,train
285,00285.png,1,ischemic,265,train
286,00286.png,1,ischemic,266,train
287,00287.png,1,ischemic,267,train
288,00288.png,1,ischemic,268,train
289,00289.png,1,ischemic,269,train
290,00290.png,1,ischemic,270,test
291,00291.png,1,ischemic,271,train
292,00292.png,1,ischemic,272,test
293,00293.png,1,ischemic,273,train
294,00294.png,1,ischemic,321,test
295,00295.png,1,ischemic,274,train
296,00296.png,1,ischemic,275,test
297,00297.png,1,ischemic,276,test
298,00298.png,1,ischemic,277,val
299,00299.png,1,ischemic,278,test
300,00300.png,1,ischemic,279,val
301,00301.png,1,ischemic,280,train
302,00302.png,1,ischemic,281,val
303,00303.png,1,ischemic,282,train
304,00304.png,1,ischemic,283,train
305,00305.png,1,ischemic,284,train
306,00306.png,1,ischemic,285,train
307,00307.png,1,ischemic,286,train
308,00308.png,1,ischemic,287,train
309,00309.png,1,ischemic,288,test
310,00310.png,1,ischemic,289,train
311,00311.png,1,ischemic,102,train
312,00312.png,1,ischemic,290,train
313,00313.png,1,ischemic,286,train
314,00314.png,1,ischemic,291,train
315,00315.png,1,ischemic,292,train
316,00316.png,1,ischemic,293,train
317,00317.png,1,ischemic,294,train
318,00318.png,1,ischemic,321,test
319,00319.png,1,ischemic,295,test
320,00320.png,1,ischemic,321,test
321,00321.png,1,ischemic,296,train
322,00322.png,1,ischemic,297,train
323,00323.png,1,ischemic,298,val
324,00324.png,1,ischemic,404,train
325,00325.png,1,ischemic,299,train
326,00326.png,1,ischemic,613,train
327,00327.png,1,ischemic,300,train
328,00328.png,1,ischemic,301,val
329,00329.png,1,ischemic,302,val
330,00330.png,1,ischemic,303,test
331,00331.png,1,ischemic,304,train
332,00332.png,1,ischemic,305,train
333,00333.png,1,ischemic,306,val
334,00334.png,1,ischemic,307,train
335,00335.png,1,ischemic,308,train
336,00336.png,1,ischemic,309,train
337,00337.png,1,ischemic,310,val
338,00338.png,1,ischemic,311,train
339,00339.png,1,ischemic,312,train
340,00340.png,1,ischemic,313,train
341,00341.png,1,ischemic,314,train
342,00342.png,1,ischemic,315,train
343,00343.png,1,ischemic,194,train
344,00344.png,1,ischemic,316,val
345,00345.png,1,ischemic,317,train
346,00346.png,1,ischemic,318,train
347,00347.png,1,ischemic,319,train
348,00348.png,1,ischemic,192,val
349,00349.png,1,ischemic,320,train
350,00350.png,1,ischemic,321,test
351,00351.png,1,ischemic,322,val
352,00352.png,1,ischemic,323,train
353,00353.png,1,ischemic,324,train
354,00354.png,1,ischemic,325,train
355,00355.png,1,ischemic,326,val
356,00356.png,1,ischemic,327,train
357,00357.png,1,ischemic,328,train
358,00358.png,1,ischemic,329,val
359,00359.png,1,ischemic,330,train
360,00360.png,1,ischemic,331,val
361,00361.png,1,ischemic,118,train
362,00362.png,1,ischemic,332,val
363,00363.png,1,ischemic,333,train
364,00364.png,1,ischemic,334,train
365,00365.png,1,ischemic,335,test
366,00366.png,1,ischemic,336,val
367,00367.png,1,ischemic,337,train
368,00368.png,1,ischemic,338,train
369,00369.png,1,ischemic,339,test
370,00370.png,1,ischemic,340,train
371,00371.png,1,ischemic,82,train
372,00372.png,1,ischemic,341,train
373,00373.png,1,ischemic,342,train
374,00374.png,1,ischemic,343,train
375,00375.png,1,ischemic,344,train
376,00376.png,1,ischemic,27,train
377,00377.png,1,ischemic,345,train
378,00378.png,1,ischemic,346,train
379,00379.png,1,ischemic,347,train
380,00380.png,1,ischemic,348,train
381,00381.png,1,ischemic,349,train
382,00382.png,1,ischemic,350,train
383,00383.png,1,ischemic,351,train
384,00384.png,1,ischemic,352,train
385,00385.png,1,ischemic,353,val
386,00386.png,1,ischemic,354,train
387,00387.png,1,ischemic,355,train
388,00388.png,1,ischemic,356,test
389,00389.png,1,ischemic,745,train
390,00390.png,1,ischemic,357,train
391,00391.png,1,ischemic,99,train
392,00392.png,1,ischemic,358,train
393,00393.png,1,ischemic,359,val
394,00394.png,1,ischemic,360,test
395,00395.png,1,ischemic,361,train
396,00396.png,1,ischemic,362,train
397,00397.png,1,ischemic,363,val
398,00398.png,1,ischemic,364,val
399,00399.png,1,ischemic,365,val
400,00400.png,1,ischemic,366,train
401,00401.png,1,ischemic,68,train
402,00402.png,1,ischemic,367,test
403,00403.png,1,ischemic,368,train
404,00404.png,1,ischemic,369,train
405,00405.png,1,ischemic,370,train
406,00406.png,1,ischemic,371,train
407,00407.png,1,ischemic,372,train
408,00408.png,1,ischemic,872,train
409,00409.png,1,ischemic,471,train
410,00410.png,1,ischemic,373,train
411,00411.png,1,ischemic,558,train
412,00412.png,1,ischemic,374,val
413,00413.png,1,ischemic,375,train
414,00414.png,1,ischemic,376,val
415,00415.png,1,ischemic,377,train
416,00416.png,1,ischemic,63,train
417,00417.png,1,ischemic,321,test
418,00418.png,1,ischemic,378,train
419,00419.png,1,ischemic,379,test
420,00420.png,1,ischemic,380,test
421,00421.png,1,ischemic,381,train
422,00422.png,1,ischemic,382,train
423,00423.png,1,ischemic,383,train
424,00424.png,1,ischemic,384,train
425,00425.png,1,ischemic,385,val
426,00426.png,1,ischemic,386,test
427,00427.png,1,ischemic,387,train
428,00428.png,1,ischemic,388,test
429,00429.png,1,ischemic,389,train
430,00430.png,1,ischemic,390,val
431,00431.png,1,ischemic,391,train
432,00432.png,1,ischemic,392,train
433,00433.png,1,ischemic,286,train
434,00434.png,1,ischemic,393,val
435,00435.png,1,ischemic,394,train
436,00436.png,1,ischemic,395,val
437,00437.png,1,ischemic,396,train
438,00438.png,1,ischemic,397,val
439,00439.png,1,ischemic,398,test
440,00440.png,1,ischemic,399,train
441,00441.png,1,ischemic,400,train
442,00442.png,1,ischemic,401,train
443,00443.png,1,ischemic,402,train
444,00444.png,1,ischemic,403,train
445,00445.png,1,ischemic,404,train
446,00446.png,1,ischemic,405,train
447,00447.png,1,ischemic,48,train
448,00448.png,1,ischemic,406,train
449,00449.png,1,ischemic,407,test
450,00450.png,1,ischemic,286,train
451,00451.png,1,ischemic,408,train
452,00452.png,1,ischemic,409,train
453,00453.png,1,ischemic,410,train
454,00454.png,1,ischemic,411,train
455,00455.png,1,ischemic,412,train
456,00456.png,1,ischemic,413,train
457,00457.png,1,ischemic,414,train
458,00458.png,1,ischemic,415,train
459,00459.png,1,ischemic,416,val
460,00460.png,1,ischemic,417,val
461,00461.png,1,ischemic,418,val
462,00462.png,1,ischemic,432,test
463,00463.png,1,ischemic,419,train
464,00464.png,1,ischemic,420,train
465,00465.png,1,ischemic,421,test
466,00466.png,1,ischemic,422,val
467,00467.png,1,ischemic,321,test
468,00468.png,1,ischemic,423,train
469,00469.png,1,ischemic,344,train
470,00470.png,1,ischemic,424,train
471,00471.png,1,ischemic,425,train
472,00472.png,1,ischemic,426,train
473,00473.png,1,ischemic,427,val
474,00474.png,1,ischemic,99,train
475,00475.png,1,ischemic,428,train
476,00476.png,1,ischemic,429,train
477,00477.png,1,ischemic,430,train
478,00478.png,1,ischemic,431,train
479,00479.png,1,ischemic,432,test
480,00480.png,1,ischemic,433,train
481,00481.png,1,ischemic,434,val
482,00482.png,1,ischemic,435,test
483,00483.png,1,ischemic,436,train
484,00484.png,1,ischemic,437,train
485,00485.png,1,ischemic,438,test
486,00486.png,1,ischemic,714,train
487,00487.png,1,ischemic,439,train
488,00488.png,1,ischemic,440,train
489,00489.png,1,ischemic,441,val
490,00490.png,1,ischemic,732,val
491,00491.png,1,ischemic,102,train
492,00492.png,1,ischemic,442,train
493,00493.png,1,ischemic,443,train
494,00494.png,1,ischemic,444,train
495,00495.png,1,ischemic,445,train
496,00496.png,1,ischemic,446,train
497,00497.png,1,ischemic,447,train
498,00498.png,1,ischemic,432,test
499,00499.png,1,ischemic,448,train
500,00500.png,1,ischemic,93,test
501,00501.png,1,ischemic,449,train
502,00502.png,1,ischemic,450,test
503,00503.png,1,ischemic,451,val
504,00504.png,1,ischemic,452,train
505,00505.png,1,ischemic,453,val
506,00506.png,1,ischemic,454,train
507,00507.png,1,ischemic,455,train
508,00508.png,1,ischemic,456,train
509,00509.png,1,ischemic,457,val
510,00510.png,1,ischemic,212,train
511,00511.png,1,ischemic,458,train
512,00512.png,1,ischemic,459,val
513,00513.png,1,ischemic,460,train
514,00514.png,1,ischemic,461,train
515,00515.png,1,ischemic,462,train
516,00516.png,1,ischemic,463,train
517,00517.png,1,ischemic,464,train
518,00518.png,1,ischemic,465,train
519,00519.png,1,ischemic,466,train
520,00520.png,1,ischemic,467,test
521,00521.png,1,ischemic,468,train
522,00522.png,1,ischemic,469,train
523,00523.png,1,ischemic,470,val
524,00524.png,1,ischemic,471,train
525,00525.png,1,ischemic,472,train
526,00526.png,1,ischemic,473,train
527,00527.png,1,ischemic,474,train
528,00528.png,1,ischemic,475,train
529,00529.png,1,ischemic,476,train
530,00530.png,1,ischemic,477,train
531,00531.png,1,ischemic,478,train
532,00532.png,1,ischemic,479,train
533,00533.png,1,ischemic,480,train
534,00534.png,1,ischemic,404,train
535,00535.png,1,ischemic,481,test
536,00536.png,1,ischemic,482,train
537,00537.png,1,ischemic,483,train
538,00538.png,1,ischemic,484,train
539,00539.png,1,ischemic,485,val
540,00540.png,1,ischemic,68,train
541,00541.png,1,ischemic,277,val
542,00542.png,1,ischemic,486,train
543,00543.png,1,ischemic,487,train
544,00544.png,1,ischemic,488,val
545,00545.png,1,ischemic,489,test
546,00546.png,1,ischemic,490,train
547,00547.png,1,ischemic,491,train
548,00548.png,1,ischemic,492,test
549,00549.png,1,ischemic,493,val
550,00550.png,1,ischemic,494,train
551,00551.png,1,ischemic,330,train
552,00552.png,1,ischemic,495,train
553,00553.png,1,ischemic,496,test
554,00554.png,1,ischemic,497,val
555,00555.png,1,ischemic,288,test
556,00556.png,1,ischemic,498,train
557,00557.png,1,ischemic,499,train
558,00558.png,1,ischemic,603,train
559,00559.png,1,ischemic,116,train
560,00560.png,1,ischemic,500,train
561,00561.png,1,ischemic,501,train
562,00562.png,1,ischemic,528,train
563,00563.png,1,ischemic,502,train
564,00564.png,1,ischemic,503,test
565,00565.png,1,ischemic,504,train
566,00566.png,1,ischemic,505,train
567,00567.png,1,ischemic,330,train
568,00568.png,1,ischemic,506,train
569,00569.png,1,ischemic,507,train
570,00570.png,1,ischemic,508,train
571,00571.png,1,ischemic,509,train
572,00572.png,1,ischemic,510,train
573,00573.png,1,ischemic,511,train
574,00574.png,1,ischemic,512,train
575,00575.png,1,ischemic,513,train
576,00576.png,1,ischemic,514,train
577,00577.png,1,ischemic,515,train
578,00578.png,1,ischemic,516,test
579,00579.png,1,ischemic,517,test
580,00580.png,1,ischemic,518,train
581,00581.png,1,ischemic,519,train
582,00582.png,1,ischemic,520,train
583,00583.png,1,ischemic,521,train
584,00584.png,1,ischemic,522,train
585,00585.png,1,ischemic,613,train
586,00586.png,1,ischemic,523,val
587,00587.png,1,ischemic,524,train
588,00588.png,1,ischemic,525,test
589,00589.png,1,ischemic,256,test
590,00590.png,1,ischemic,384,train
591,00591.png,1,ischemic,526,train
592,00592.png,1,ischemic,527,val
593,00593.png,1,ischemic,528,train
594,00594.png,1,ischemic,529,test
595,00595.png,1,ischemic,622,train
596,00596.png,1,ischemic,530,train
597,00597.png,1,ischemic,531,train
598,00598.png,1,ischemic,532,train
599,00599.png,1,ischemic,533,train
600,00600.png,1,ischemic,534,train
601,00601.png,1,ischemic,535,val
602,00602.png,1,ischemic,536,train
603,00603.png,1,ischemic,537,train
604,00604.png,1,ischemic,538,test
605,00605.png,1,ischemic,539,train
606,00606.png,1,ischemic,540,train
607,00607.png,1,ischemic,541,train
608,00608.png,1,ischemic,542,train
609,00609.png,1,ischemic,543,val
610,00610.png,1,ischemic,544,train
611,00611.png,1,ischemic,545,train
612,00612.png,1,ischemic,546,val
613,00613.png,1,ischemic,547,train
614,00614.png,1,ischemic,548,val
615,00615.png,1,ischemic,549,test
616,00616.png,1,ischemic,550,train
617,00617.png,1,ischemic,551,train
618,00618.png,1,ischemic,445,train
619,00619.png,1,ischemic,552,train
620,00620.png,1,ischemic,553,train
621,00621.png,1,ischemic,554,train
622,00622.png,1,ischemic,321,test
623,00623.png,1,ischemic,555,val
624,00624.png,1,ischemic,556,train
625,00625.png,1,ischemic,557,train
626,00626.png,1,ischemic,558,train
627,00627.png,1,ischemic,559,train
628,00628.png,1,ischemic,560,train
629,00629.png,1,ischemic,561,train
630,00630.png,1,ischemic,562,train
631,00631.png,1,ischemic,563,train
632,00632.png,1,ischemic,564,train
633,00633.png,1,ischemic,565,train
634,00634.png,1,ischemic,566,train
635,00635.png,1,ischemic,567,train
636,00636.png,1,ischemic,568,test
637,00637.png,1,ischemic,569,train
638,00638.png,1,ischemic,570,train
639,00639.png,1,ischemic,393,val
640,00640.png,1,ischemic,571,train
641,00641.png,1,ischemic,872,train
642,00642.png,1,ischemic,572,test
643,00643.png,1,ischemic,96,test
644,00644.png,1,ischemic,573,train
645,00645.png,1,ischemic,574,train
646,00646.png,1,ischemic,575,test
647,00647.png,1,ischemic,398,test
648,00648.png,1,ischemic,576,train
649,00649.png,1,ischemic,577,val
650,00650.png,1,ischemic,578,test
651,00651.png,1,ischemic,579,test
652,00652.png,1,ischemic,580,val
653,00653.png,1,ischemic,581,train
654,00654.png,1,ischemic,582,train
655,00655.png,1,ischemic,583,train
656,00656.png,1,ischemic,584,train
657,00657.png,1,ischemic,279,val
658,00658.png,1,ischemic,585,train
659,00659.png,1,ischemic,586,train
660,00660.png,1,ischemic,695,train
661,00661.png,1,ischemic,587,train
662,00662.png,1,ischemic,588,train
663,00663.png,1,ischemic,589,train
664,00664.png,1,ischemic,590,train
665,00665.png,1,ischemic,591,val
666,00666.png,1,ischemic,592,train
667,00667.png,1,ischemic,593,train
668,00668.png,1,ischemic,594,train
669,00669.png,1,ischemic,595,train
670,00670.png,1,ischemic,596,train
671,00671.png,1,ischemic,597,test
672,00672.png,1,ischemic,598,val
673,00673.png,1,ischemic,599,test
674,00674.png,1,ischemic,11,train
675,00675.png,1,ischemic,600,train
676,00676.png,1,ischemic,601,test
677,00677.png,1,ischemic,602,test
678,00678.png,1,ischemic,603,train
679,00679.png,1,ischemic,604,val
680,00680.png,1,ischemic,605,train
681,00681.png,1,ischemic,606,val
682,00682.png,1,ischemic,607,train
683,00683.png,1,ischemic,608,train
684,00684.png,1,ischemic,609,test
685,00685.png,1,ischemic,610,train
686,00686.png,1,ischemic,611,val
687,00687.png,1,ischemic,528,train
688,00688.png,1,ischemic,612,train
689,00689.png,1,ischemic,298,val
690,00690.png,1,ischemic,68,train
691,00691.png,1,ischemic,613,train
692,00692.png,1,ischemic,614,train
693,00693.png,1,ischemic,615,train
694,00694.png,1,ischemic,616,train
695,00695.png,1,ischemic,617,train
696,00696.png,1,ischemic,321,test
697,00697.png,1,ischemic,618,val
698,00698.png,1,ischemic,619,test
699,00699.png,1,ischemic,620,train
700,00700.png,1,ischemic,621,train
701,00701.png,1,ischemic,622,train
702,00702.png,1,ischemic,623,train
703,00703.png,1,ischemic,528,train
704,00704.png,1,ischemic,624,train
705,00705.png,1,ischemic,625,train
706,00706.png,1,ischemic,225,test
707,00707.png,1,ischemic,626,train
708,00708.png,1,ischemic,627,train
709,00709.png,1,ischemic,321,test
710,00710.png,1,ischemic,628,train
711,00711.png,1,ischemic,398,test
712,00712.png,1,ischemic,629,train
713,00713.png,1,ischemic,630,val
714,00714.png,1,ischemic,631,train
715,00715.png,1,ischemic,632,train
716,00716.png,1,ischemic,633,train
717,00717.png,1,ischemic,634,train
718,00718.png,1,ischemic,75,train
719,00719.png,1,ischemic,635,val
720,00720.png,1,ischemic,636,train
721,00721.png,1,ischemic,637,val
722,00722.png,1,ischemic,638,val
723,00723.png,1,ischemic,639,train
724,00724.png,1,ischemic,640,train
725,00725.png,1,ischemic,548,val
726,00726.png,1,ischemic,419,train
727,00727.png,1,ischemic,641,train
728,00728.png,1,ischemic,642,test
729,00729.png,1,ischemic,643,train
730,00730.png,1,ischemic,500,train
731,00731.png,1,ischemic,644,val
732,00732.png,1,ischemic,410,train
733,00733.png,1,ischemic,645,train
734,00734.png,1,ischemic,646,val
735,00735.png,1,ischemic,647,train
736,00736.png,1,ischemic,648,train
737,00737.png,1,ischemic,649,test
738,00738.png,1,ischemic,97,train
739,00739.png,1,ischemic,650,train
740,00740.png,1,ischemic,651,train
741,00741.png,1,ischemic,652,train
742,00742.png,1,ischemic,762,train
743,00743.png,1,ischemic,653,train
744,00744.png,1,ischemic,654,test
745,00745.png,1,ischemic,655,test
746,00746.png,1,ischemic,656,train
747,00747.png,1,ischemic,657,train
748,00748.png,1,ischemic,286,train
749,00749.png,1,ischemic,530,train
750,00750.png,1,ischemic,658,train
751,00751.png,1,ischemic,659,train
752,00752.png,1,ischemic,660,train
753,00753.png,1,ischemic,321,test
754,00754.png,1,ischemic,661,test
755,00755.png,1,ischemic,662,train
756,00756.png,1,ischemic,663,train
757,00757.png,1,ischemic,664,test
758,00758.png,1,ischemic,665,test
759,00759.png,1,ischemic,321,test
760,00760.png,1,ischemic,666,test
761,00761.png,1,ischemic,667,train
762,00762.png,1,ischemic,668,train
763,00763.png,1,ischemic,669,train
764,00764.png,1,ischemic,670,train
765,00765.png,1,ischemic,671,train
766,00766.png,1,ischemic,475,train
767,00767.png,1,ischemic,672,train
768,00768.png,1,ischemic,673,val
769,00769.png,1,ischemic,674,train
770,00770.png,1,ischemic,675,train
771,00771.png,1,ischemic,676,train
772,00772.png,1,ischemic,677,val
773,00773.png,1,ischemic,678,train
774,00774.png,1,ischemic,679,val
775,00775.png,1,ischemic,390,val
776,00776.png,1,ischemic,680,train
777,00777.png,1,ischemic,681,train
778,00778.png,1,ischemic,682,test
779,00779.png,1,ischemic,683,train
780,00780.png,1,ischemic,84,train
781,00781.png,1,ischemic,684,train
782,00782.png,1,ischemic,685,train
783,00783.png,1,ischemic,686,val
784,00784.png,1,ischemic,687,train
785,00785.png,1,ischemic,688,test
786,00786.png,1,ischemic,689,val
787,00787.png,1,ischemic,690,train
788,00788.png,1,ischemic,691,test
789,00789.png,1,ischemic,435,test
790,00790.png,1,ischemic,692,val
791,00791.png,1,ischemic,693,train
792,00792.png,1,ischemic,694,val
793,00793.png,1,ischemic,695,train
794,00794.png,1,ischemic,696,val
795,00795.png,1,ischemic,404,train
796,00796.png,1,ischemic,697,val
797,00797.png,1,ischemic,565,train
798,00798.png,1,ischemic,698,train
799,00799.png,1,ischemic,699,train
800,00800.png,1,ischemic,700,train
801,00801.png,1,ischemic,318,train
802,00802.png,1,ischemic,701,train
803,00803.png,1,ischemic,702,test
804,00804.png,1,ischemic,703,val
805,00805.png,1,ischemic,286,train
806,00806.png,1,ischemic,704,val
807,00807.png,1,ischemic,705,train
808,00808.png,1,ischemic,558,train
809,00809.png,1,ischemic,706,test
810,00810.png,1,ischemic,613,train
811,00811.png,1,ischemic,707,train
812,00812.png,1,ischemic,708,train
813,00813.png,1,ischemic,709,test
814,00814.png,1,ischemic,710,train
815,00815.png,1,ischemic,711,val
816,00816.png,1,ischemic,712,train
817,00817.png,1,ischemic,713,train
818,00818.png,1,ischemic,714,train
819,00819.png,1,ischemic,715,train
820,00820.png,1,ischemic,716,train
821,00821.png,1,ischemic,717,train
822,00822.png,1,ischemic,718,train
823,00823.png,1,ischemic,719,val
824,00824.png,1,ischemic,720,train
825,00825.png,1,ischemic,721,train
826,00826.png,1,ischemic,527,val
827,00827.png,1,ischemic,594,train
828,00828.png,1,ischemic,722,test
829,00829.png,1,ischemic,723,val
830,00830.png,1,ischemic,724,val
831,00831.png,1,ischemic,725,val
832,00832.png,1,ischemic,726,train
833,00833.png,1,ischemic,727,train
834,00834.png,1,ischemic,610,train
835,00835.png,1,ischemic,728,train
836,00836.png,1,ischemic,482,train
837,00837.png,1,ischemic,729,train
838,00838.png,1,ischemic,318,train
839,00839.png,1,ischemic,730,train
840,00840.png,1,ischemic,47,val
841,00841.png,1,ischemic,731,train
842,00842.png,1,ischemic,456,train
843,00843.png,1,ischemic,667,train
844,00844.png,1,ischemic,608,train
845,00845.png,1,ischemic,732,val
846,00846.png,1,ischemic,733,train
847,00847.png,1,ischemic,734,test
848,00848.png,1,ischemic,735,test
849,00849.png,1,ischemic,736,train
850,00850.png,1,ischemic,737,train
851,00851.png,1,ischemic,738,train
852,00852.png,1,ischemic,739,train
853,00853.png,1,ischemic,740,train
854,00854.png,1,ischemic,741,test
855,00855.png,1,ischemic,490,train
856,00856.png,1,ischemic,11,train
857,00857.png,1,ischemic,742,test
858,00858.png,1,ischemic,11,train
859,00859.png,1,ischemic,743,test
860,00860.png,1,ischemic,744,train
861,00861.png,1,ischemic,745,train
862,00862.png,1,ischemic,746,train
863,00863.png,1,ischemic,747,train
864,00864.png,1,ischemic,748,val
865,00865.png,1,ischemic,749,train
866,00866.png,1,ischemic,750,train
867,00867.png,1,ischemic,751,val
868,00868.png,1,ischemic,11,train
869,00869.png,1,ischemic,286,train
870,00870.png,1,ischemic,752,val
871,00871.png,1,ischemic,753,test
872,00872.png,1,ischemic,444,train
873,00873.png,1,ischemic,754,val
874,00874.png,1,ischemic,755,test
875,00875.png,1,ischemic,714,train
876,00876.png,1,ischemic,756,train
877,00877.png,1,ischemic,757,val
878,00878.png,1,ischemic,758,train
879,00879.png,1,ischemic,759,val
880,00880.png,1,ischemic,760,test
881,00881.png,1,ischemic,761,train
882,00882.png,1,ischemic,762,train
883,00883.png,1,ischemic,619,test
884,00884.png,1,ischemic,763,train
885,00885.png,1,ischemic,714,train
886,00886.png,1,ischemic,764,test
887,00887.png,1,ischemic,558,train
888,00888.png,1,ischemic,765,train
889,00889.png,1,ischemic,766,train
890,00890.png,1,ischemic,767,val
891,00891.png,1,ischemic,768,train
892,00892.png,1,ischemic,769,train
893,00893.png,1,ischemic,286,train
894,00894.png,1,ischemic,770,test
895,00895.png,1,ischemic,311,train
896,00896.png,1,ischemic,47,val
897,00897.png,1,ischemic,771,val
898,00898.png,1,ischemic,622,train
899,00899.png,1,ischemic,772,train
900,00900.png,1,ischemic,524,train
901,00901.png,1,ischemic,773,val
902,00902.png,1,ischemic,774,test
903,00903.png,1,ischemic,775,train
904,00904.png,1,ischemic,571,train
905,00905.png,1,ischemic,776,train
906,00906.png,1,ischemic,330,train
907,00907.png,1,ischemic,777,train
908,00908.png,1,ischemic,778,test
909,00909.png,1,ischemic,779,test
910,00910.png,1,ischemic,780,train
911,00911.png,1,ischemic,781,train
912,00912.png,1,ischemic,782,train
913,00913.png,1,ischemic,783,test
914,00914.png,1,ischemic,784,train
915,00915.png,1,ischemic,785,train
916,00916.png,1,ischemic,786,train
917,00917.png,1,ischemic,787,train
918,00918.png,1,ischemic,788,train
919,00919.png,1,ischemic,330,train
920,00920.png,1,ischemic,789,train
921,00921.png,1,ischemic,790,train
922,00922.png,1,ischemic,791,train
923,00923.png,1,ischemic,792,test
924,00924.png,1,ischemic,793,test
925,00925.png,1,ischemic,794,val
926,00926.png,1,ischemic,309,train
927,00927.png,1,ischemic,29,test
928,00928.png,1,ischemic,795,test
929,00929.png,1,ischemic,796,train
930,00930.png,1,ischemic,797,train
931,00931.png,1,ischemic,798,val
932,00932.png,1,ischemic,321,test
933,00933.png,1,ischemic,799,train
934,00934.png,1,ischemic,800,train
935,00935.png,1,ischemic,622,train
936,00936.png,1,ischemic,801,train
937,00937.png,1,ischemic,802,val
938,00938.png,1,ischemic,803,train
939,00939.png,1,ischemic,804,train
940,00940.png,1,ischemic,805,train
941,00941.png,1,ischemic,806,train
942,00942.png,1,ischemic,807,train
943,00943.png,1,ischemic,808,train
944,00944.png,1,ischemic,809,train
945,00945.png,1,ischemic,321,test
946,00946.png,1,ischemic,432,test
947,00947.png,1,ischemic,810,train
948,00948.png,1,ischemic,811,test
949,00949.png,1,ischemic,613,train
950,00950.png,1,ischemic,812,test
951,00951.png,1,ischemic,813,val
952,00952.png,1,ischemic,29,test
953,00953.png,1,ischemic,814,train
954,00954.png,1,ischemic,815,train
955,00955.png,1,ischemic,816,train
956,00956.png,1,ischemic,286,train
957,00957.png,1,ischemic,817,val
958,00958.png,1,ischemic,112,train
959,00959.png,1,ischemic,818,train
960,00960.png,1,ischemic,819,test
961,00961.png,1,ischemic,820,val
962,00962.png,1,ischemic,821,train
963,00963.png,1,ischemic,822,train
964,00964.png,1,ischemic,61,train
965,00965.png,1,ischemic,823,train
966,00966.png,1,ischemic,68,train
967,00967.png,1,ischemic,714,train
968,00968.png,1,ischemic,824,train
969,00969.png,1,ischemic,571,train
970,00970.png,1,ischemic,796,train
971,00971.png,1,ischemic,825,train
972,00972.png,1,ischemic,826,test
973,00973.png,1,ischemic,827,train
974,00974.png,1,ischemic,828,train
975,00975.png,1,ischemic,829,train
976,00976.png,1,ischemic,830,train
977,00977.png,1,ischemic,831,train
978,00978.png,1,ischemic,11,train
979,00979.png,1,ischemic,613,train
980,00980.png,1,ischemic,832,train
981,00981.png,1,ischemic,777,train
982,00982.png,1,ischemic,833,train
983,00983.png,1,ischemic,834,val
984,00984.png,1,ischemic,613,train
985,00985.png,1,ischemic,835,val
986,00986.png,1,ischemic,836,train
987,00987.png,1,ischemic,872,train
988,00988.png,1,ischemic,837,test
989,00989.png,1,ischemic,838,val
990,00990.png,1,ischemic,839,val
991,00991.png,1,ischemic,840,test
992,00992.png,1,ischemic,417,val
993,00993.png,1,ischemic,841,train
994,00994.png,1,ischemic,842,train
995,00995.png,1,ischemic,843,train
996,00996.png,1,ischemic,762,train
997,00997.png,1,ischemic,551,train
998,00998.png,1,ischemic,844,train
999,00999.png,1,ischemic,63,train
1000,01000.png,1,ischemic,845,test
1001,01001.png,1,ischemic,846,val
1002,01002.png,1,ischemic,847,train
1003,01003.png,1,ischemic,848,train
1004,01004.png,1,ischemic,849,train
1005,01005.png,1,ischemic,714,train
1006,01006.png,1,ischemic,850,val
1007,01007.png,1,ischemic,851,train
1008,01008.png,1,ischemic,195,val
1009,01009.png,1,ischemic,846,val
1010,01010.png,1,ischemic,852,train
1011,01011.png,1,ischemic,853,train
1012,01012.png,1,ischemic,854,train
1013,01013.png,1,ischemic,855,train
1014,01014.png,1,ischemic,856,train
1015,01015.png,1,ischemic,830,train
1016,01016.png,1,ischemic,857,train
1017,01017.png,1,ischemic,442,train
1018,01018.png,1,ischemic,858,train
1019,01019.png,1,ischemic,859,train
1020,01020.png,1,ischemic,860,val
1021,01021.png,1,ischemic,861,train
1022,01022.png,1,ischemic,862,train
1023,01023.png,1,ischemic,863,train
1024,01024.png,1,ischemic,321,test
1025,01025.png,1,ischemic,864,train
1026,01026.png,1,ischemic,865,train
1027,01027.png,1,ischemic,872,train
1028,01028.png,1,ischemic,79,train
1029,01029.png,1,ischemic,866,train
1030,01030.png,1,ischemic,867,train
1031,01031.png,1,ischemic,868,test
1032,01032.png,1,ischemic,869,val
1033,01033.png,1,ischemic,870,val
1034,01034.png,1,ischemic,871,val
1035,01035.png,1,ischemic,872,train
1036,01036.png,1,ischemic,116,train
1037,01037.png,1,ischemic,873,val
1038,01038.png,1,ischemic,874,train
1039,01039.png,1,ischemic,875,val
1040,01040.png,1,ischemic,876,train
1041,01041.png,1,ischemic,877,test
1042,01042.png,1,ischemic,878,train
1043,01043.png,1,ischemic,726,train
1044,01044.png,1,ischemic,879,train
1045,01045.png,1,ischemic,880,train
1046,01046.png,1,ischemic,881,train
1047,01047.png,1,ischemic,882,train
1048,01048.png,1,ischemic,883,train
1049,01049.png,1,ischemic,884,test
1050,01050.png,1,ischemic,885,test
1051,01051.png,1,ischemic,886,train
1052,01052.png,1,ischemic,887,train
1053,01053.png,1,ischemic,723,val
1054,01054.png,1,ischemic,888,train
1055,01055.png,1,ischemic,286,train
1056,01056.png,1,ischemic,11,train
1057,01057.png,1,ischemic,116,train
1058,01058.png,1,ischemic,889,train
1059,01059.png,1,ischemic,890,train
1060,01060.png,1,ischemic,891,train
1061,01061.png,1,ischemic,91,train
1062,01062.png,1,ischemic,451,val
1063,01063.png,1,ischemic,892,train
1064,01064.png,1,ischemic,865,train
1065,01065.png,1,ischemic,893,train
1066,01066.png,1,ischemic,894,train
1067,01067.png,1,ischemic,895,val
1068,01068.png,1,ischemic,896,test
1069,01069.png,1,ischemic,897,train
1070,01070.png,1,ischemic,343,train
1071,01071.png,1,ischemic,898,val
1072,01072.png,1,ischemic,899,train
1073,01073.png,1,ischemic,900,train
1074,01074.png,1,ischemic,901,train
1075,01075.png,1,ischemic,902,train
1076,01076.png,1,ischemic,903,val
1077,01077.png,1,ischemic,904,train
1078,01078.png,1,ischemic,905,train
1079,01079.png,1,ischemic,906,test
1080,01080.png,1,ischemic,907,train
1081,01081.png,1,ischemic,404,train
1082,01082.png,1,ischemic,908,train
1083,01083.png,1,ischemic,909,train
1084,01084.png,1,ischemic,910,val
1085,01085.png,1,ischemic,911,val
1086,01086.png,1,ischemic,745,train
1087,01087.png,1,ischemic,429,train
1088,01088.png,1,ischemic,603,train
1089,01089.png,1,ischemic,321,test
1090,01090.png,1,ischemic,912,train
1091,01091.png,1,ischemic,913,train
1092,01092.png,1,ischemic,455,train
1093,01093.png,1,ischemic,914,train
1094,01094.png,1,ischemic,695,train
1095,01095.png,1,ischemic,915,train
1096,01096.png,1,ischemic,916,train
1097,01097.png,1,ischemic,917,train
1098,01098.png,1,ischemic,745,train
1099,01099.png,1,ischemic,918,train
1100,01100.png,1,ischemic,919,train
1101,01101.png,1,ischemic,920,test
1102,01102.png,1,ischemic,921,test
1103,01103.png,1,ischemic,922,train
1104,01104.png,1,ischemic,923,test
1105,01105.png,1,ischemic,924,train
1106,01106.png,1,ischemic,321,test
1107,01107.png,1,ischemic,925,train
1108,01108.png,1,ischemic,926,train
1109,01109.png,1,ischemic,201,train
1110,01110.png,1,ischemic,68,train
1111,01111.png,1,ischemic,927,train
1112,01112.png,1,ischemic,928,test
1113,01113.png,1,ischemic,929,test
1114,01114.png,1,ischemic,930,val
1115,01115.png,1,ischemic,558,train
1116,01116.png,1,ischemic,182,train
1117,01117.png,1,ischemic,695,train
1118,01118.png,1,ischemic,112,train
1119,01119.png,1,ischemic,931,train
1120,01120.png,1,ischemic,932,train
1121,01121.png,1,ischemic,933,train
1122,01122.png,1,ischemic,934,train
1123,01123.png,1,ischemic,321,test
1124,01124.png,1,ischemic,935,test
1125,01125.png,1,ischemic,678,train
1126,01126.png,1,ischemic,936,train
1127,01127.png,1,ischemic,937,train
1128,01128.png,1,ischemic,938,test
1129,01129.png,1,ischemic,0,train
1130,01130.png,1,ischemic,1,train
1131,01131.png,1,ischemic,10,test
1132,01132.png,1,ischemic,15,train
1133,01133.png,1,ischemic,25,val
1134,01134.png,1,ischemic,27,train
1135,01135.png,1,ischemic,33,train
1136,01136.png,1,ischemic,43,test
1137,01137.png,1,ischemic,50,train
1138,01138.png,1,ischemic,53,train
1139,01139.png,1,ischemic,54,train
1140,01140.png,1,ischemic,55,train
1141,01141.png,1,ischemic,73,train
1142,01142.png,1,ischemic,87,train
1143,01143.png,1,ischemic,90,test
1144,01144.png,1,ischemic,50,train
1145,01145.png,1,ischemic,96,test
1146,01146.png,1,ischemic,101,train
1147,01147.png,1,ischemic,921,test
1148,01148.png,1,ischemic,107,train
1149,01149.png,1,ischemic,114,train
1150,01150.png,1,ischemic,125,train
1151,01151.png,1,ischemic,129,train
1152,01152.png,1,ischemic,139,test
1153,01153.png,1,ischemic,107,train
1154,01154.png,1,ischemic,156,train
1155,01155.png,1,ischemic,159,train
1156,01156.png,1,ischemic,162,train
1157,01157.png,1,ischemic,164,train
1158,01158.png,1,ischemic,167,val
1159,01159.png,1,ischemic,169,train
1160,01160.png,1,ischemic,170,train
1161,01161.png,1,ischemic,193,train
1162,01162.png,1,ischemic,194,train
1163,01163.png,1,ischemic,205,train
1164,01164.png,1,ischemic,211,train
1165,01165.png,1,ischemic,223,train
1166,01166.png,1,ischemic,242,test
1167,01167.png,1,ischemic,248,train
1168,01168.png,1,ischemic,251,test
1169,01169.png,1,ischemic,253,train
1170,01170.png,1,ischemic,872,train
1171,01171.png,1,ischemic,259,train
1172,01172.png,1,ischemic,262,val
1173,01173.png,1,ischemic,270,test
1174,01174.png,1,ischemic,283,train
1175,01175.png,1,ischemic,284,train
1176,01176.png,1,ischemic,287,train
1177,01177.png,1,ischemic,288,test
1178,01178.png,1,ischemic,289,train
1179,01179.png,1,ischemic,290,train
1180,01180.png,1,ischemic,291,train
1181,01181.png,1,ischemic,296,train
1182,01182.png,1,ischemic,404,train
1183,01183.png,1,ischemic,300,train
1184,01184.png,1,ischemic,304,train
1185,01185.png,1,ischemic,308,train
1186,01186.png,1,ischemic,315,train
1187,01187.png,1,ischemic,194,train
1188,01188.png,1,ischemic,328,train
1189,01189.png,1,ischemic,331,val
1190,01190.png,1,ischemic,336,val
1191,01191.png,1,ischemic,27,train
1192,01192.png,1,ischemic,349,train
1193,01193.png,1,ischemic,351,train
1194,01194.png,1,ischemic,352,train
1195,01195.png,1,ischemic,357,train
1196,01196.png,1,ischemic,358,train
1197,01197.png,1,ischemic,370,train
1198,01198.png,1,ischemic,872,train
1199,01199.png,1,ischemic,471,train
1200,01200.png,1,ischemic,377,train
1201,01201.png,1,ischemic,378,train
1202,01202.png,1,ischemic,386,test
1203,01203.png,1,ischemic,389,train
1204,01204.png,1,ischemic,395,val
1205,01205.png,1,ischemic,399,train
1206,01206.png,1,ischemic,403,train
1207,01207.png,1,ischemic,404,train
1208,01208.png,1,ischemic,410,train
1209,01209.png,1,ischemic,411,train
1210,01210.png,1,ischemic,426,train
1211,01211.png,1,ischemic,429,train
1212,01212.png,1,ischemic,431,train
1213,01213.png,1,ischemic,437,train
1214,01214.png,1,ischemic,714,train
1215,01215.png,1,ischemic,732,val
1216,01216.png,1,ischemic,442,train
1217,01217.png,1,ischemic,446,train
1218,01218.png,1,ischemic,448,train
1219,01219.png,1,ischemic,454,train
1220,01220.png,1,ischemic,471,train
1221,01221.png,1,ischemic,472,train
1222,01222.png,1,ischemic,473,train
1223,01223.png,1,ischemic,476,train
1224,01224.png,1,ischemic,478,train
1225,01225.png,1,ischemic,404,train
1226,01226.png,1,ischemic,486,train
1227,01227.png,1,ischemic,487,train
1228,01228.png,1,ischemic,488,val
1229,01229.png,1,ischemic,493,val
1230,01230.png,1,ischemic,495,train
1231,01231.png,1,ischemic,496,test
1232,01232.png,1,ischemic,497,val
1233,01233.png,1,ischemic,288,test
1234,01234.png,1,ischemic,502,train
1235,01235.png,1,ischemic,503,test
1236,01236.png,1,ischemic,504,train
1237,01237.png,1,ischemic,506,train
1238,01238.png,1,ischemic,509,train
1239,01239.png,1,ischemic,513,train
1240,01240.png,1,ischemic,514,train
1241,01241.png,1,ischemic,517,test
1242,01242.png,1,ischemic,522,train
1243,01243.png,1,ischemic,523,val
1244,01244.png,1,ischemic,526,train
1245,01245.png,1,ischemic,533,train
1246,01246.png,1,ischemic,544,train
1247,01247.png,1,ischemic,552,train
1248,01248.png,1,ischemic,554,train
1249,01249.png,1,ischemic,556,train
1250,01250.png,1,ischemic,557,train
1251,01251.png,1,ischemic,563,train
1252,01252.png,1,ischemic,570,train
1253,01253.png,1,ischemic,872,train
1254,01254.png,1,ischemic,96,test
1255,01255.png,1,ischemic,573,train
1256,01256.png,1,ischemic,574,train
1257,01257.png,1,ischemic,578,test
1258,01258.png,1,ischemic,585,train
1259,01259.png,1,ischemic,591,val
1260,01260.png,1,ischemic,593,train
1261,01261.png,1,ischemic,597,test
1262,01262.png,1,ischemic,599,test
1263,01263.png,1,ischemic,600,train
1264,01264.png,1,ischemic,606,val
1265,01265.png,1,ischemic,610,train
1266,01266.png,1,ischemic,611,val
1267,01267.png,1,ischemic,614,train
1268,01268.png,1,ischemic,615,train
1269,01269.png,1,ischemic,618,val
1270,01270.png,1,ischemic,620,train
1271,01271.png,1,ischemic,621,train
1272,01272.png,1,ischemic,636,train
1273,01273.png,1,ischemic,641,train
1274,01274.png,1,ischemic,643,train
1275,01275.png,1,ischemic,410,train
1276,01276.png,1,ischemic,650,train
1277,01277.png,1,ischemic,659,train
1278,01278.png,1,ischemic,661,test
1279,01279.png,1,ischemic,663,train
1280,01280.png,1,ischemic,666,test
1281,01281.png,1,ischemic,671,train
1282,01282.png,1,ischemic,675,train
1283,01283.png,1,ischemic,683,train
1284,01284.png,1,ischemic,684,train
1285,01285.png,1,ischemic,688,test
1286,01286.png,1,ischemic,404,train
1287,01287.png,1,ischemic,701,train
1288,01288.png,1,ischemic,706,test
1289,01289.png,1,ischemic,707,train
1290,01290.png,1,ischemic,708,train
1291,01291.png,1,ischemic,710,train
1292,01292.png,1,ischemic,712,train
1293,01293.png,1,ischemic,714,train
1294,01294.png,1,ischemic,715,train
1295,01295.png,1,ischemic,610,train
1296,01296.png,1,ischemic,730,train
1297,01297.png,1,ischemic,732,val
1298,01298.png,1,ischemic,736,train
1299,01299.png,1,ischemic,740,train
1300,01300.png,1,ischemic,743,test
1301,01301.png,1,ischemic,746,train
1302,01302.png,1,ischemic,749,train
1303,01303.png,1,ischemic,755,test
1304,01304.png,1,ischemic,714,train
1305,01305.png,1,ischemic,763,train
1306,01306.png,1,ischemic,714,train
1307,01307.png,1,ischemic,767,val
1308,01308.png,1,ischemic,771,val
1309,01309.png,1,ischemic,772,train
1310,01310.png,1,ischemic,773,val
1311,01311.png,1,ischemic,776,train
1312,01312.png,1,ischemic,782,train
1313,01313.png,1,ischemic,789,train
1314,01314.png,1,ischemic,790,train
1315,01315.png,1,ischemic,798,val
1316,01316.png,1,ischemic,802,val
1317,01317.png,1,ischemic,803,train
1318,01318.png,1,ischemic,807,train
1319,01319.png,1,ischemic,811,test
1320,01320.png,1,ischemic,813,val
1321,01321.png,1,ischemic,815,train
1322,01322.png,1,ischemic,822,train
1323,01323.png,1,ischemic,714,train
1324,01324.png,1,ischemic,831,train
1325,01325.png,1,ischemic,832,train
1326,01326.png,1,ischemic,872,train
1327,01327.png,1,ischemic,838,val
1328,01328.png,1,ischemic,842,train
1329,01329.png,1,ischemic,844,train
1330,01330.png,1,ischemic,849,train
1331,01331.png,1,ischemic,714,train
1332,01332.png,1,ischemic,850,val
1333,01333.png,1,ischemic,442,train
1334,01334.png,1,ischemic,858,train
1335,01335.png,1,ischemic,861,train
1336,01336.png,1,ischemic,863,train
1337,01337.png,1,ischemic,872,train
1338,01338.png,1,ischemic,867,train
1339,01339.png,1,ischemic,870,val
1340,01340.png,1,ischemic,871,val
1341,01341.png,1,ischemic,872,train
1342,01342.png,1,ischemic,874,train
1343,01343.png,1,ischemic,877,test
1344,01344.png,1,ischemic,881,train
1345,01345.png,1,ischemic,887,train
1346,01346.png,1,ischemic,889,train
1347,01347.png,1,ischemic,894,train
1348,01348.png,1,ischemic,896,test
1349,01349.png,1,ischemic,897,train
1350,01350.png,1,ischemic,899,train
1351,01351.png,1,ischemic,902,train
1352,01352.png,1,ischemic,907,train
1353,01353.png,1,ischemic,404,train
1354,01354.png,1,ischemic,911,val
1355,01355.png,1,ischemic,429,train
1356,01356.png,1,ischemic,915,train
1357,01357.png,1,ischemic,920,test
1358,01358.png,1,ischemic,921,test
1359,01359.png,1,ischemic,922,train
1360,01360.png,1,ischemic,924,train
1361,01361.png,0,hemorrhagic,939,train
1362,01362.png,0,hemorrhagic,940,train
1363,01363.png,0,hemorrhagic,941,val
1364,01364.png,0,hemorrhagic,1188,test
1365,01365.png,0,hemorrhagic,942,train
1366,01366.png,0,hemorrhagic,943,train
1367,01367.png,0,hemorrhagic,944,val
1368,01368.png,0,hemorrhagic,945,train
1369,01369.png,0,hemorrhagic,946,train
1370,01370.png,0,hemorrhagic,947,train
1371,01371.png,0,hemorrhagic,948,train
1372,01372.png,0,hemorrhagic,949,test
1373,01373.png,0,hemorrhagic,950,train
1374,01374.png,0,hemorrhagic,951,train
1375,01375.png,0,hemorrhagic,952,train
1376,01376.png,0,hemorrhagic,953,test
1377,01377.png,0,hemorrhagic,954,train
1378,01378.png,0,hemorrhagic,955,train
1379,01379.png,0,hemorrhagic,956,train
1380,01380.png,0,hemorrhagic,957,test
1381,01381.png,0,hemorrhagic,958,train
1382,01382.png,0,hemorrhagic,959,train
1383,01383.png,0,hemorrhagic,960,test
1384,01384.png,0,hemorrhagic,961,train
1385,01385.png,0,hemorrhagic,962,train
1386,01386.png,0,hemorrhagic,963,train
1387,01387.png,0,hemorrhagic,964,train
1388,01388.png,0,hemorrhagic,965,train
1389,01389.png,0,hemorrhagic,966,train
1390,01390.png,0,hemorrhagic,967,train
1391,01391.png,0,hemorrhagic,968,train
1392,01392.png,0,hemorrhagic,969,val
1393,01393.png,0,hemorrhagic,970,train
1394,01394.png,0,hemorrhagic,971,train
1395,01395.png,0,hemorrhagic,972,train
1396,01396.png,0,hemorrhagic,973,val
1397,01397.png,0,hemorrhagic,974,val
1398,01398.png,0,hemorrhagic,975,train
1399,01399.png,0,hemorrhagic,976,train
1400,01400.png,0,hemorrhagic,977,train
1401,01401.png,0,hemorrhagic,978,train
1402,01402.png,0,hemorrhagic,979,test
1403,01403.png,0,hemorrhagic,980,test
1404,01404.png,0,hemorrhagic,981,train
1405,01405.png,0,hemorrhagic,982,train
1406,01406.png,0,hemorrhagic,983,train
1407,01407.png,0,hemorrhagic,984,val
1408,01408.png,0,hemorrhagic,985,train
1409,01409.png,0,hemorrhagic,986,train
1410,01410.png,0,hemorrhagic,987,train
1411,01411.png,0,hemorrhagic,988,train
1412,01412.png,0,hemorrhagic,989,train
1413,01413.png,0,hemorrhagic,990,train
1414,01414.png,0,hemorrhagic,991,test
1415,01415.png,0,hemorrhagic,992,test
1416,01416.png,0,hemorrhagic,993,val
1417,01417.png,0,hemorrhagic,994,train
1418,01418.png,0,hemorrhagic,995,val
1419,01419.png,0,hemorrhagic,996,train
1420,01420.png,0,hemorrhagic,997,train
1421,01421.png,0,hemorrhagic,998,train
1422,01422.png,0,hemorrhagic,1255,train
1423,01423.png,0,hemorrhagic,999,train
1424,01424.png,0,hemorrhagic,1000,train
1425,01425.png,0,hemorrhagic,1001,test
1426,01426.png,0,hemorrhagic,1002,train
1427,01427.png,0,hemorrhagic,1003,train
1428,01428.png,0,hemorrhagic,1004,train
1429,01429.png,0,hemorrhagic,1005,train
1430,01430.png,0,hemorrhagic,1006,train
1431,01431.png,0,hemorrhagic,1007,train
1432,01432.png,0,hemorrhagic,1008,train
1433,01433.png,0,hemorrhagic,1009,train
1434,01434.png,0,hemorrhagic,1010,val
1435,01435.png,0,hemorrhagic,1011,train
1436,01436.png,0,hemorrhagic,1551,train
1437,01437.png,0,hemorrhagic,1012,train
1438,01438.png,0,hemorrhagic,1013,train
1439,01439.png,0,hemorrhagic,1014,train
1440,01440.png,0,hemorrhagic,1015,val
1441,01441.png,0,hemorrhagic,1016,test
1442,01442.png,0,hemorrhagic,1017,val
1443,01443.png,0,hemorrhagic,1018,val
1444,01444.png,0,hemorrhagic,1019,train
1445,01445.png,0,hemorrhagic,1020,train
1446,01446.png,0,hemorrhagic,1021,train
1447,01447.png,0,hemorrhagic,1022,test
1448,01448.png,0,hemorrhagic,1023,train
1449,01449.png,0,hemorrhagic,1024,train
1450,01450.png,0,hemorrhagic,1025,train
1451,01451.png,0,hemorrhagic,1026,train
1452,01452.png,0,hemorrhagic,1027,test
1453,01453.png,0,hemorrhagic,1028,val
1454,01454.png,0,hemorrhagic,1029,train
1455,01455.png,0,hemorrhagic,1030,val
1456,01456.png,0,hemorrhagic,1031,val
1457,01457.png,0,hemorrhagic,1032,val
1458,01458.png,0,hemorrhagic,1033,train
1459,01459.png,0,hemorrhagic,1034,train
1460,01460.png,0,hemorrhagic,1157,train
1461,01461.png,0,hemorrhagic,1035,val
1462,01462.png,0,hemorrhagic,1036,train
1463,01463.png,0,hemorrhagic,1037,train
1464,01464.png,0,hemorrhagic,1038,val
1465,01465.png,0,hemorrhagic,1039,train
1466,01466.png,0,hemorrhagic,1040,val
1467,01467.png,0,hemorrhagic,1041,val
1468,01468.png,0,hemorrhagic,1042,test
1469,01469.png,0,hemorrhagic,1043,train
1470,01470.png,0,hemorrhagic,1044,val
1471,01471.png,0,hemorrhagic,1045,train
1472,01472.png,0,hemorrhagic,1046,train
1473,01473.png,0,hemorrhagic,1047,train
1474,01474.png,0,hemorrhagic,1048,val
1475,01475.png,0,hemorrhagic,1049,val
1476,01476.png,0,hemorrhagic,1050,train
1477,01477.png,0,hemorrhagic,1051,train
1478,01478.png,0,hemorrhagic,1052,train
1479,01479.png,0,hemorrhagic,1053,train
1480,01480.png,0,hemorrhagic,1054,train
1481,01481.png,0,hemorrhagic,1055,train
1482,01482.png,0,hemorrhagic,1056,val
1483,01483.png,0,hemorrhagic,1057,test
1484,01484.png,0,hemorrhagic,1058,train
1485,01485.png,0,hemorrhagic,1059,train
1486,01486.png,0,hemorrhagic,1060,train
1487,01487.png,0,hemorrhagic,1061,train
1488,01488.png,0,hemorrhagic,1062,train
1489,01489.png,0,hemorrhagic,1063,train
1490,01490.png,0,hemorrhagic,1064,val
1491,01491.png,0,hemorrhagic,1065,train
1492,01492.png,0,hemorrhagic,1066,train
1493,01493.png,0,hemorrhagic,1067,test
1494,01494.png,0,hemorrhagic,1068,train
1495,01495.png,0,hemorrhagic,1328,test
1496,01496.png,0,hemorrhagic,1069,train
1497,01497.png,0,hemorrhagic,1070,val
1498,01498.png,0,hemorrhagic,1062,train
1499,01499.png,0,hemorrhagic,1071,train
1500,01500.png,0,hemorrhagic,1072,train
1501,01501.png,0,hemorrhagic,1073,val
1502,01502.png,0,hemorrhagic,1074,train
1503,01503.png,0,hemorrhagic,1075,train
1504,01504.png,0,hemorrhagic,1076,train
1505,01505.png,0,hemorrhagic,1077,train
1506,01506.png,0,hemorrhagic,1424,train
1507,01507.png,0,hemorrhagic,1078,train
1508,01508.png,0,hemorrhagic,1079,val
1509,01509.png,0,hemorrhagic,1080,train
1510,01510.png,0,hemorrhagic,1081,val
1511,01511.png,0,hemorrhagic,1082,train
1512,01512.png,0,hemorrhagic,1083,val
1513,01513.png,0,hemorrhagic,1084,train
1514,01514.png,0,hemorrhagic,1085,train
1515,01515.png,0,hemorrhagic,1086,train
1516,01516.png,0,hemorrhagic,1087,train
1517,01517.png,0,hemorrhagic,1088,val
1518,01518.png,0,hemorrhagic,1089,train
1519,01519.png,0,hemorrhagic,1090,train
1520,01520.png,0,hemorrhagic,1091,val
1521,01521.png,0,hemorrhagic,1092,train
1522,01522.png,0,hemorrhagic,1093,val
1523,01523.png,0,hemorrhagic,1094,train
1524,01524.png,0,hemorrhagic,1095,train
1525,01525.png,0,hemorrhagic,1096,train
1526,01526.png,0,hemorrhagic,1097,train
1527,01527.png,0,hemorrhagic,1098,val
1528,01528.png,0,hemorrhagic,1099,train
1529,01529.png,0,hemorrhagic,1100,train
1530,01530.png,0,hemorrhagic,1101,train
1531,01531.png,0,hemorrhagic,1102,test
1532,01532.png,0,hemorrhagic,1188,test
1533,01533.png,0,hemorrhagic,1103,train
1534,01534.png,0,hemorrhagic,1104,train
1535,01535.png,0,hemorrhagic,1105,train
1536,01536.png,0,hemorrhagic,1157,train
1537,01537.png,0,hemorrhagic,1106,val
1538,01538.png,0,hemorrhagic,1107,test
1539,01539.png,0,hemorrhagic,1108,val
1540,01540.png,0,hemorrhagic,1109,train
1541,01541.png,0,hemorrhagic,1110,train
1542,01542.png,0,hemorrhagic,1111,test
1543,01543.png,0,hemorrhagic,1112,train
1544,01544.png,0,hemorrhagic,1113,train
1545,01545.png,0,hemorrhagic,1114,test
1546,01546.png,0,hemorrhagic,1115,val
1547,01547.png,0,hemorrhagic,1116,train
1548,01548.png,0,hemorrhagic,1117,train
1549,01549.png,0,hemorrhagic,1118,val
1550,01550.png,0,hemorrhagic,1119,test
1551,01551.png,0,hemorrhagic,1120,val
1552,01552.png,0,hemorrhagic,1121,train
1553,01553.png,0,hemorrhagic,1122,test
1554,01554.png,0,hemorrhagic,1123,train
1555,01555.png,0,hemorrhagic,1124,train
1556,01556.png,0,hemorrhagic,1125,train
1557,01557.png,0,hemorrhagic,1126,train
1558,01558.png,0,hemorrhagic,1127,test
1559,01559.png,0,hemorrhagic,1128,train
1560,01560.png,0,hemorrhagic,1129,train
1561,01561.png,0,hemorrhagic,1130,train
1562,01562.png,0,hemorrhagic,1131,test
1563,01563.png,0,hemorrhagic,1132,val
1564,01564.png,0,hemorrhagic,1133,train
1565,01565.png,0,hemorrhagic,1134,train
1566,01566.png,0,hemorrhagic,1135,train
1567,01567.png,0,hemorrhagic,1136,val
1568,01568.png,0,hemorrhagic,1137,train
1569,01569.png,0,hemorrhagic,1138,train
1570,01570.png,0,hemorrhagic,1139,train
1571,01571.png,0,hemorrhagic,1140,train
1572,01572.png,0,hemorrhagic,1141,train
1573,01573.png,0,hemorrhagic,1142,train
1574,01574.png,0,hemorrhagic,1143,test
1575,01575.png,0,hemorrhagic,1551,train
1576,01576.png,0,hemorrhagic,1144,train
1577,01577.png,0,hemorrhagic,1145,test
1578,01578.png,0,hemorrhagic,1146,train
1579,01579.png,0,hemorrhagic,1147,train
1580,01580.png,0,hemorrhagic,1328,test
1581,01581.png,0,hemorrhagic,1148,test
1582,01582.png,0,hemorrhagic,1149,train
1583,01583.png,0,hemorrhagic,1150,train
1584,01584.png,0,hemorrhagic,1151,val
1585,01585.png,0,hemorrhagic,1152,train
1586,01586.png,0,hemorrhagic,1153,train
1587,01587.png,0,hemorrhagic,1154,test
1588,01588.png,0,hemorrhagic,1155,train
1589,01589.png,0,hemorrhagic,1156,test
1590,01590.png,0,hemorrhagic,1157,train
1591,01591.png,0,hemorrhagic,1158,val
1592,01592.png,0,hemorrhagic,1159,val
1593,01593.png,0,hemorrhagic,1160,train
1594,01594.png,0,hemorrhagic,1161,test
1595,01595.png,0,hemorrhagic,1162,test
1596,01596.png,0,hemorrhagic,1163,val
1597,01597.png,0,hemorrhagic,1164,train
1598,01598.png,0,hemorrhagic,1165,train
1599,01599.png,0,hemorrhagic,1166,val
1600,01600.png,0,hemorrhagic,1167,train
1601,01601.png,0,hemorrhagic,1168,train
1602,01602.png,0,hemorrhagic,1169,train
1603,01603.png,0,hemorrhagic,1170,train
1604,01604.png,0,hemorrhagic,1171,test
1605,01605.png,0,hemorrhagic,1172,train
1606,01606.png,0,hemorrhagic,1173,val
1607,01607.png,0,hemorrhagic,1174,train
1608,01608.png,0,hemorrhagic,1175,train
1609,01609.png,0,hemorrhagic,1176,val
1610,01610.png,0,hemorrhagic,1328,test
1611,01611.png,0,hemorrhagic,1177,train
1612,01612.png,0,hemorrhagic,1178,val
1613,01613.png,0,hemorrhagic,1179,val
1614,01614.png,0,hemorrhagic,1180,test
1615,01615.png,0,hemorrhagic,1181,val
1616,01616.png,0,hemorrhagic,1182,val
1617,01617.png,0,hemorrhagic,1183,train
1618,01618.png,0,hemorrhagic,1184,train
1619,01619.png,0,hemorrhagic,1185,val
1620,01620.png,0,hemorrhagic,1186,train
1621,01621.png,0,hemorrhagic,1187,train
1622,01622.png,0,hemorrhagic,1188,test
1623,01623.png,0,hemorrhagic,1189,train
1624,01624.png,0,hemorrhagic,1190,test
1625,01625.png,0,hemorrhagic,1191,val
1626,01626.png,0,hemorrhagic,1192,train
1627,01627.png,0,hemorrhagic,1193,train
1628,01628.png,0,hemorrhagic,1194,test
1629,01629.png,0,hemorrhagic,1195,train
1630,01630.png,0,hemorrhagic,1196,train
1631,01631.png,0,hemorrhagic,1197,val
1632,01632.png,0,hemorrhagic,1198,train
1633,01633.png,0,hemorrhagic,1199,train
1634,01634.png,0,hemorrhagic,1200,train
1635,01635.png,0,hemorrhagic,1201,train
1636,01636.png,0,hemorrhagic,1202,train
1637,01637.png,0,hemorrhagic,1328,test
1638,01638.png,0,hemorrhagic,1203,train
1639,01639.png,0,hemorrhagic,1204,train
1640,01640.png,0,hemorrhagic,1205,train
1641,01641.png,0,hemorrhagic,1206,train
1642,01642.png,0,hemorrhagic,1207,train
1643,01643.png,0,hemorrhagic,1208,train
1644,01644.png,0,hemorrhagic,1209,train
1645,01645.png,0,hemorrhagic,1210,train
1646,01646.png,0,hemorrhagic,1211,train
1647,01647.png,0,hemorrhagic,1212,val
1648,01648.png,0,hemorrhagic,1213,train
1649,01649.png,0,hemorrhagic,1037,train
1650,01650.png,0,hemorrhagic,1214,train
1651,01651.png,0,hemorrhagic,1215,train
1652,01652.png,0,hemorrhagic,1216,test
1653,01653.png,0,hemorrhagic,1217,train
1654,01654.png,0,hemorrhagic,1218,val
1655,01655.png,0,hemorrhagic,1219,val
1656,01656.png,0,hemorrhagic,1220,train
1657,01657.png,0,hemorrhagic,1221,test
1658,01658.png,0,hemorrhagic,1222,test
1659,01659.png,0,hemorrhagic,1223,train
1660,01660.png,0,hemorrhagic,1224,train
1661,01661.png,0,hemorrhagic,1225,train
1662,01662.png,0,hemorrhagic,1226,train
1663,01663.png,0,hemorrhagic,1227,test
1664,01664.png,0,hemorrhagic,1228,val
1665,01665.png,0,hemorrhagic,1229,train
1666,01666.png,0,hemorrhagic,1230,train
1667,01667.png,0,hemorrhagic,995,val
1668,01668.png,0,hemorrhagic,1231,test
1669,01669.png,0,hemorrhagic,1232,train
1670,01670.png,0,hemorrhagic,1233,train
1671,01671.png,0,hemorrhagic,1234,train
1672,01672.png,0,hemorrhagic,1235,train
1673,01673.png,0,hemorrhagic,1188,test
1674,01674.png,0,hemorrhagic,1236,train
1675,01675.png,0,hemorrhagic,1237,test
1676,01676.png,0,hemorrhagic,1238,train
1677,01677.png,0,hemorrhagic,1239,val
1678,01678.png,0,hemorrhagic,1240,train
1679,01679.png,0,hemorrhagic,1241,test
1680,01680.png,0,hemorrhagic,1242,test
1681,01681.png,0,hemorrhagic,1243,val
1682,01682.png,0,hemorrhagic,1244,train
1683,01683.png,0,hemorrhagic,1071,train
1684,01684.png,0,hemorrhagic,1245,train
1685,01685.png,0,hemorrhagic,1246,train
1686,01686.png,0,hemorrhagic,1247,train
1687,01687.png,0,hemorrhagic,1248,train
1688,01688.png,0,hemorrhagic,1249,train
1689,01689.png,0,hemorrhagic,1250,train
1690,01690.png,0,hemorrhagic,1251,test
1691,01691.png,0,hemorrhagic,1252,train
1692,01692.png,0,hemorrhagic,1253,val
1693,01693.png,0,hemorrhagic,1254,train
1694,01694.png,0,hemorrhagic,1255,train
1695,01695.png,0,hemorrhagic,1256,train
1696,01696.png,0,hemorrhagic,1257,test
1697,01697.png,0,hemorrhagic,1258,train
1698,01698.png,0,hemorrhagic,1259,train
1699,01699.png,0,hemorrhagic,1260,test
1700,01700.png,0,hemorrhagic,1261,train
1701,01701.png,0,hemorrhagic,1262,train
1702,01702.png,0,hemorrhagic,1263,train
1703,01703.png,0,hemorrhagic,1264,train
1704,01704.png,0,hemorrhagic,1265,train
1705,01705.png,0,hemorrhagic,1266,train
1706,01706.png,0,hemorrhagic,1267,train
1707,01707.png,0,hemorrhagic,1268,train
1708,01708.png,0,hemorrhagic,1269,train
1709,01709.png,0,hemorrhagic,1270,train
1710,01710.png,0,hemorrhagic,1271,val
1711,01711.png,0,hemorrhagic,1272,train
1712,01712.png,0,hemorrhagic,1273,test
1713,01713.png,0,hemorrhagic,1274,test
1714,01714.png,0,hemorrhagic,1275,val
1715,01715.png,0,hemorrhagic,1085,train
1716,01716.png,0,hemorrhagic,1276,train
1717,01717.png,0,hemorrhagic,1277,train
1718,01718.png,0,hemorrhagic,1278,test
1719,01719.png,0,hemorrhagic,1279,test
1720,01720.png,0,hemorrhagic,1280,train
1721,01721.png,0,hemorrhagic,1191,val
1722,01722.png,0,hemorrhagic,1281,test
1723,01723.png,0,hemorrhagic,1282,train
1724,01724.png,0,hemorrhagic,1283,train
1725,01725.png,0,hemorrhagic,1284,train
1726,01726.png,0,hemorrhagic,1285,train
1727,01727.png,0,hemorrhagic,1286,train
1728,01728.png,0,hemorrhagic,1287,test
1729,01729.png,0,hemorrhagic,1288,test
1730,01730.png,0,hemorrhagic,1289,train
1731,01731.png,0,hemorrhagic,1290,train
1732,01732.png,0,hemorrhagic,1291,train
1733,01733.png,0,hemorrhagic,1497,train
1734,01734.png,0,hemorrhagic,1292,train
1735,01735.png,0,hemorrhagic,1293,train
1736,01736.png,0,hemorrhagic,1294,train
1737,01737.png,0,hemorrhagic,1248,train
1738,01738.png,0,hemorrhagic,1295,train
1739,01739.png,0,hemorrhagic,1296,train
1740,01740.png,0,hemorrhagic,1297,train
1741,01741.png,0,hemorrhagic,1298,train
1742,01742.png,0,hemorrhagic,1299,train
1743,01743.png,0,hemorrhagic,1300,train
1744,01744.png,0,hemorrhagic,1301,train
1745,01745.png,0,hemorrhagic,1302,val
1746,01746.png,0,hemorrhagic,1303,train
1747,01747.png,0,hemorrhagic,1304,train
1748,01748.png,0,hemorrhagic,1305,train
1749,01749.png,0,hemorrhagic,1306,train
1750,01750.png,0,hemorrhagic,1224,train
1751,01751.png,0,hemorrhagic,1307,train
1752,01752.png,0,hemorrhagic,1308,val
1753,01753.png,0,hemorrhagic,1309,train
1754,01754.png,0,hemorrhagic,1310,val
1755,01755.png,0,hemorrhagic,1311,train
1756,01756.png,0,hemorrhagic,1312,train
1757,01757.png,0,hemorrhagic,1313,train
1758,01758.png,0,hemorrhagic,1314,val
1759,01759.png,0,hemorrhagic,1315,val
1760,01760.png,0,hemorrhagic,1316,train
1761,01761.png,0,hemorrhagic,1317,train
1762,01762.png,0,hemorrhagic,1318,train
1763,01763.png,0,hemorrhagic,1319,train
1764,01764.png,0,hemorrhagic,1320,train
1765,01765.png,0,hemorrhagic,1321,test
1766,01766.png,0,hemorrhagic,1322,train
1767,01767.png,0,hemorrhagic,1323,train
1768,01768.png,0,hemorrhagic,1324,train
1769,01769.png,0,hemorrhagic,1325,val
1770,01770.png,0,hemorrhagic,1326,train
1771,01771.png,0,hemorrhagic,1327,test
1772,01772.png,0,hemorrhagic,1328,test
1773,01773.png,0,hemorrhagic,1329,train
1774,01774.png,0,hemorrhagic,1330,train
1775,01775.png,0,hemorrhagic,1331,train
1776,01776.png,0,hemorrhagic,1332,train
1777,01777.png,0,hemorrhagic,1333,train
1778,01778.png,0,hemorrhagic,1334,test
1779,01779.png,0,hemorrhagic,1335,val
1780,01780.png,0,hemorrhagic,1336,test
1781,01781.png,0,hemorrhagic,1337,train
1782,01782.png,0,hemorrhagic,1338,val
1783,01783.png,0,hemorrhagic,1339,train
1784,01784.png,0,hemorrhagic,1340,train
1785,01785.png,0,hemorrhagic,1274,test
1786,01786.png,0,hemorrhagic,1341,val
1787,01787.png,0,hemorrhagic,1342,test
1788,01788.png,0,hemorrhagic,1343,train
1789,01789.png,0,hemorrhagic,1344,val
1790,01790.png,0,hemorrhagic,1345,train
1791,01791.png,0,hemorrhagic,1346,train
1792,01792.png,0,hemorrhagic,1347,test
1793,01793.png,0,hemorrhagic,1348,train
1794,01794.png,0,hemorrhagic,1349,val
1795,01795.png,0,hemorrhagic,1350,train
1796,01796.png,0,hemorrhagic,1351,train
1797,01797.png,0,hemorrhagic,1352,train
1798,01798.png,0,hemorrhagic,1064,val
1799,01799.png,0,hemorrhagic,1353,train
1800,01800.png,0,hemorrhagic,1354,train
1801,01801.png,0,hemorrhagic,1355,train
1802,01802.png,0,hemorrhagic,1356,train
1803,01803.png,0,hemorrhagic,1357,test
1804,01804.png,0,hemorrhagic,1358,test
1805,01805.png,0,hemorrhagic,1359,val
1806,01806.png,0,hemorrhagic,1360,test
1807,01807.png,0,hemorrhagic,1361,train
1808,01808.png,0,hemorrhagic,1362,val
1809,01809.png,0,hemorrhagic,1363,train
1810,01810.png,0,hemorrhagic,1364,test
1811,01811.png,0,hemorrhagic,1365,val
1812,01812.png,0,hemorrhagic,1366,test
1813,01813.png,0,hemorrhagic,1367,train
1814,01814.png,0,hemorrhagic,1368,test
1815,01815.png,0,hemorrhagic,1369,val
1816,01816.png,0,hemorrhagic,1370,train
1817,01817.png,0,hemorrhagic,1371,train
1818,01818.png,0,hemorrhagic,1372,val
1819,01819.png,0,hemorrhagic,1373,train
1820,01820.png,0,hemorrhagic,1374,train
1821,01821.png,0,hemorrhagic,1375,val
1822,01822.png,0,hemorrhagic,1376,train
1823,01823.png,0,hemorrhagic,1377,train
1824,01824.png,0,hemorrhagic,1378,val
1825,01825.png,0,hemorrhagic,1379,train
1826,01826.png,0,hemorrhagic,1380,train
1827,01827.png,0,hemorrhagic,1381,train
1828,01828.png,0,hemorrhagic,1382,test
1829,01829.png,0,hemorrhagic,1383,val
1830,01830.png,0,hemorrhagic,1384,train
1831,01831.png,0,hemorrhagic,1385,train
1832,01832.png,0,hemorrhagic,1386,train
1833,01833.png,0,hemorrhagic,1387,train
1834,01834.png,0,hemorrhagic,1388,train
1835,01835.png,0,hemorrhagic,1389,test
1836,01836.png,0,hemorrhagic,1390,train
1837,01837.png,0,hemorrhagic,1391,train
1838,01838.png,0,hemorrhagic,1139,train
1839,01839.png,0,hemorrhagic,1392,test
1840,01840.png,0,hemorrhagic,1393,train
1841,01841.png,0,hemorrhagic,1394,train
1842,01842.png,0,hemorrhagic,1395,train
1843,01843.png,0,hemorrhagic,1396,train
1844,01844.png,0,hemorrhagic,1397,train
1845,01845.png,0,hemorrhagic,1398,test
1846,01846.png,0,hemorrhagic,1399,train
1847,01847.png,0,hemorrhagic,1116,train
1848,01848.png,0,hemorrhagic,1400,train
1849,01849.png,0,hemorrhagic,1401,train
1850,01850.png,0,hemorrhagic,1402,train
1851,01851.png,0,hemorrhagic,1403,train
1852,01852.png,0,hemorrhagic,1404,train
1853,01853.png,0,hemorrhagic,1405,train
1854,01854.png,0,hemorrhagic,1406,train
1855,01855.png,0,hemorrhagic,1407,train
1856,01856.png,0,hemorrhagic,1408,train
1857,01857.png,0,hemorrhagic,1409,val
1858,01858.png,0,hemorrhagic,1410,train
1859,01859.png,0,hemorrhagic,1411,train
1860,01860.png,0,hemorrhagic,1412,test
1861,01861.png,0,hemorrhagic,1413,train
1862,01862.png,0,hemorrhagic,1414,train
1863,01863.png,0,hemorrhagic,1415,train
1864,01864.png,0,hemorrhagic,1416,train
1865,01865.png,0,hemorrhagic,1417,train
1866,01866.png,0,hemorrhagic,1418,train
1867,01867.png,0,hemorrhagic,1419,train
1868,01868.png,0,hemorrhagic,1420,train
1869,01869.png,0,hemorrhagic,1421,train
1870,01870.png,0,hemorrhagic,1422,train
1871,01871.png,0,hemorrhagic,1123,train
1872,01872.png,0,hemorrhagic,1423,train
1873,01873.png,0,hemorrhagic,1424,train
1874,01874.png,0,hemorrhagic,1425,train
1875,01875.png,0,hemorrhagic,1426,val
1876,01876.png,0,hemorrhagic,1427,val
1877,01877.png,0,hemorrhagic,1428,train
1878,01878.png,0,hemorrhagic,1429,train
1879,01879.png,0,hemorrhagic,1430,train
1880,01880.png,0,hemorrhagic,1431,test
1881,01881.png,0,hemorrhagic,1256,train
1882,01882.png,0,hemorrhagic,1432,train
1883,01883.png,0,hemorrhagic,1328,test
1884,01884.png,0,hemorrhagic,1433,train
1885,01885.png,0,hemorrhagic,1434,train
1886,01886.png,0,hemorrhagic,1435,test
1887,01887.png,0,hemorrhagic,1436,train
1888,01888.png,0,hemorrhagic,1437,test
1889,01889.png,0,hemorrhagic,1438,test
1890,01890.png,0,hemorrhagic,1439,train
1891,01891.png,0,hemorrhagic,1440,train
1892,01892.png,0,hemorrhagic,1441,val
1893,01893.png,0,hemorrhagic,1442,val
1894,01894.png,0,hemorrhagic,1443,train
1895,01895.png,0,hemorrhagic,1444,train
1896,01896.png,0,hemorrhagic,1257,test
1897,01897.png,0,hemorrhagic,1445,train
1898,01898.png,0,hemorrhagic,1446,train
1899,01899.png,0,hemorrhagic,1297,train
1900,01900.png,0,hemorrhagic,1447,val
1901,01901.png,0,hemorrhagic,1448,val
1902,01902.png,0,hemorrhagic,1449,train
1903,01903.png,0,hemorrhagic,1450,val
1904,01904.png,0,hemorrhagic,1451,train
1905,01905.png,0,hemorrhagic,1089,train
1906,01906.png,0,hemorrhagic,1085,train
1907,01907.png,0,hemorrhagic,1452,val
1908,01908.png,0,hemorrhagic,1551,train
1909,01909.png,0,hemorrhagic,1453,test
1910,01910.png,0,hemorrhagic,1454,test
1911,01911.png,0,hemorrhagic,1455,val
1912,01912.png,0,hemorrhagic,1456,test
1913,01913.png,0,hemorrhagic,1457,test
1914,01914.png,0,hemorrhagic,1458,train
1915,01915.png,0,hemorrhagic,1459,val
1916,01916.png,0,hemorrhagic,1460,val
1917,01917.png,0,hemorrhagic,1461,train
1918,01918.png,0,hemorrhagic,1462,train
1919,01919.png,0,hemorrhagic,1220,train
1920,01920.png,0,hemorrhagic,1463,val
1921,01921.png,0,hemorrhagic,1464,train
1922,01922.png,0,hemorrhagic,1465,train
1923,01923.png,0,hemorrhagic,1466,test
1924,01924.png,0,hemorrhagic,1467,val
1925,01925.png,0,hemorrhagic,1468,train
1926,01926.png,0,hemorrhagic,1469,test
1927,01927.png,0,hemorrhagic,1470,train
1928,01928.png,0,hemorrhagic,1299,train
1929,01929.png,0,hemorrhagic,1471,train
1930,01930.png,0,hemorrhagic,1472,train
1931,01931.png,0,hemorrhagic,1473,train
1932,01932.png,0,hemorrhagic,1474,train
1933,01933.png,0,hemorrhagic,1328,test
1934,01934.png,0,hemorrhagic,1475,train
1935,01935.png,0,hemorrhagic,1476,val
1936,01936.png,0,hemorrhagic,1477,train
1937,01937.png,0,hemorrhagic,1478,train
1938,01938.png,0,hemorrhagic,1479,val
1939,01939.png,0,hemorrhagic,1480,train
1940,01940.png,0,hemorrhagic,1424,train
1941,01941.png,0,hemorrhagic,1297,train
1942,01942.png,0,hemorrhagic,1481,test
1943,01943.png,0,hemorrhagic,1482,train
1944,01944.png,0,hemorrhagic,1483,train
1945,01945.png,0,hemorrhagic,1484,train
1946,01946.png,0,hemorrhagic,1485,train
1947,01947.png,0,hemorrhagic,1486,train
1948,01948.png,0,hemorrhagic,1487,train
1949,01949.png,0,hemorrhagic,948,train
1950,01950.png,0,hemorrhagic,1238,train
1951,01951.png,0,hemorrhagic,1488,train
1952,01952.png,0,hemorrhagic,1489,test
1953,01953.png,0,hemorrhagic,1047,train
1954,01954.png,0,hemorrhagic,1490,train
1955,01955.png,0,hemorrhagic,1491,train
1956,01956.png,0,hemorrhagic,1492,train
1957,01957.png,0,hemorrhagic,1493,train
1958,01958.png,0,hemorrhagic,1328,test
1959,01959.png,0,hemorrhagic,1494,train
1960,01960.png,0,hemorrhagic,1495,test
1961,01961.png,0,hemorrhagic,1496,train
1962,01962.png,0,hemorrhagic,1497,train
1963,01963.png,0,hemorrhagic,1498,train
1964,01964.png,0,hemorrhagic,1499,train
1965,01965.png,0,hemorrhagic,1500,train
1966,01966.png,0,hemorrhagic,1501,train
1967,01967.png,0,hemorrhagic,1502,train
1968,01968.png,0,hemorrhagic,985,train
1969,01969.png,0,hemorrhagic,1503,train
1970,01970.png,0,hemorrhagic,1504,train
1971,01971.png,0,hemorrhagic,1505,train
1972,01972.png,0,hemorrhagic,1506,train
1973,01973.png,0,hemorrhagic,1507,val
1974,01974.png,0,hemorrhagic,1508,train
1975,01975.png,0,hemorrhagic,1509,train
1976,01976.png,0,hemorrhagic,1510,train
1977,01977.png,0,hemorrhagic,1511,test
1978,01978.png,0,hemorrhagic,1512,train
1979,01979.png,0,hemorrhagic,1513,train
1980,01980.png,0,hemorrhagic,1252,train
1981,01981.png,0,hemorrhagic,1514,train
1982,01982.png,0,hemorrhagic,1515,train
1983,01983.png,0,hemorrhagic,1516,train
1984,01984.png,0,hemorrhagic,1517,val
1985,01985.png,0,hemorrhagic,1518,val
1986,01986.png,0,hemorrhagic,1519,train
1987,01987.png,0,hemorrhagic,1520,test
1988,01988.png,0,hemorrhagic,1521,test
1989,01989.png,0,hemorrhagic,1522,test
1990,01990.png,0,hemorrhagic,1054,train
1991,01991.png,0,hemorrhagic,1523,train
1992,01992.png,0,hemorrhagic,1524,train
1993,01993.png,0,hemorrhagic,1525,train
1994,01994.png,0,hemorrhagic,1526,train
1995,01995.png,0,hemorrhagic,1527,train
1996,01996.png,0,hemorrhagic,1528,train
1997,01997.png,0,hemorrhagic,1529,train
1998,01998.png,0,hemorrhagic,1530,train
1999,01999.png,0,hemorrhagic,1531,train
2000,02000.png,0,hemorrhagic,1532,val
2001,02001.png,0,hemorrhagic,1533,train
2002,02002.png,0,hemorrhagic,1446,train
2003,02003.png,0,hemorrhagic,1534,test
2004,02004.png,0,hemorrhagic,1535,train
2005,02005.png,0,hemorrhagic,1536,test
2006,02006.png,0,hemorrhagic,1537,train
2007,02007.png,0,hemorrhagic,1538,train
2008,02008.png,0,hemorrhagic,1539,train
2009,02009.png,0,hemorrhagic,1517,val
2010,02010.png,0,hemorrhagic,1540,val
2011,02011.png,0,hemorrhagic,1169,train
2012,02012.png,0,hemorrhagic,1541,val
2013,02013.png,0,hemorrhagic,1542,test
2014,02014.png,0,hemorrhagic,1543,val
2015,02015.png,0,hemorrhagic,1544,test
2016,02016.png,0,hemorrhagic,1545,train
2017,02017.png,0,hemorrhagic,1546,train
2018,02018.png,0,hemorrhagic,1547,train
2019,02019.png,0,hemorrhagic,1424,train
2020,02020.png,0,hemorrhagic,1548,val
2021,02021.png,0,hemorrhagic,1549,test
2022,02022.png,0,hemorrhagic,1550,train
2023,02023.png,0,hemorrhagic,1551,train
2024,02024.png,0,hemorrhagic,1552,train
2025,02025.png,0,hemorrhagic,1328,test
2026,02026.png,0,hemorrhagic,1553,train
2027,02027.png,0,hemorrhagic,1317,train
2028,02028.png,0,hemorrhagic,1554,train
2029,02029.png,0,hemorrhagic,1555,val
2030,02030.png,0,hemorrhagic,1529,train
2031,02031.png,0,hemorrhagic,1556,test
2032,02032.png,0,hemorrhagic,1557,train
2033,02033.png,0,hemorrhagic,1558,train
2034,02034.png,0,hemorrhagic,1559,train
2035,02035.png,0,hemorrhagic,1560,train
2036,02036.png,0,hemorrhagic,1139,train
2037,02037.png,0,hemorrhagic,1561,val
2038,02038.png,0,hemorrhagic,1562,train
2039,02039.png,0,hemorrhagic,1563,val
2040,02040.png,0,hemorrhagic,1564,train
2041,02041.png,0,hemorrhagic,1565,test
2042,02042.png,0,hemorrhagic,1566,train
2043,02043.png,0,hemorrhagic,1567,train
2044,02044.png,0,hemorrhagic,1568,train
2045,02045.png,0,hemorrhagic,1569,train
2046,02046.png,0,hemorrhagic,1570,test
2047,02047.png,0,hemorrhagic,1571,train
2048,02048.png,0,hemorrhagic,1572,train
2049,02049.png,0,hemorrhagic,1513,train
2050,02050.png,0,hemorrhagic,1573,test
2051,02051.png,0,hemorrhagic,1574,train
2052,02052.png,0,hemorrhagic,1575,test
2053,02053.png,0,hemorrhagic,1576,train
2054,02054.png,0,hemorrhagic,1577,train
2055,02055.png,0,hemorrhagic,1578,train
2056,02056.png,0,hemorrhagic,1579,test
2057,02057.png,0,hemorrhagic,1580,train
2058,02058.png,0,hemorrhagic,1581,test
2059,02059.png,0,hemorrhagic,1582,train
2060,02060.png,0,hemorrhagic,1224,train
2061,02061.png,0,hemorrhagic,1583,val
2062,02062.png,0,hemorrhagic,1584,train
2063,02063.png,0,hemorrhagic,1585,train
2064,02064.png,0,hemorrhagic,1586,train
2065,02065.png,0,hemorrhagic,1587,train
2066,02066.png,0,hemorrhagic,1588,val
2067,02067.png,0,hemorrhagic,1589,train
2068,02068.png,0,hemorrhagic,1590,train
2069,02069.png,0,hemorrhagic,1591,train
2070,02070.png,0,hemorrhagic,1592,train
2071,02071.png,0,hemorrhagic,1593,train
2072,02072.png,0,hemorrhagic,1594,val
2073,02073.png,0,hemorrhagic,1513,train
2074,02074.png,0,hemorrhagic,1424,train
2075,02075.png,0,hemorrhagic,1595,train
2076,02076.png,0,hemorrhagic,1551,train
2077,02077.png,0,hemorrhagic,1596,train
2078,02078.png,0,hemorrhagic,1597,val
2079,02079.png,0,hemorrhagic,1598,train
2080,02080.png,0,hemorrhagic,1599,train
2081,02081.png,0,hemorrhagic,1600,train
2082,02082.png,0,hemorrhagic,1601,train
2083,02083.png,0,hemorrhagic,1602,train
2084,02084.png,0,hemorrhagic,1603,train
2085,02085.png,0,hemorrhagic,1604,train
2086,02086.png,0,hemorrhagic,1605,train
2087,02087.png,0,hemorrhagic,1606,test
2088,02088.png,0,hemorrhagic,1493,train
2089,02089.png,0,hemorrhagic,1607,train
2090,02090.png,0,hemorrhagic,1608,train
2091,02091.png,0,hemorrhagic,1609,train
2092,02092.png,0,hemorrhagic,1610,val
2093,02093.png,0,hemorrhagic,1085,train
2094,02094.png,0,hemorrhagic,1611,train
2095,02095.png,0,hemorrhagic,1452,val
2096,02096.png,0,hemorrhagic,1612,train
2097,02097.png,0,hemorrhagic,1613,train
2098,02098.png,0,hemorrhagic,1614,train
2099,02099.png,0,hemorrhagic,1615,val
2100,02100.png,0,hemorrhagic,1616,test
2101,02101.png,0,hemorrhagic,1617,train
2102,02102.png,0,hemorrhagic,1618,train
2103,02103.png,0,hemorrhagic,1043,train
2104,02104.png,0,hemorrhagic,1064,val
2105,02105.png,0,hemorrhagic,1619,train
2106,02106.png,0,hemorrhagic,1620,train
2107,02107.png,0,hemorrhagic,1621,train
2108,02108.png,0,hemorrhagic,1622,train
2109,02109.png,0,hemorrhagic,1623,train
2110,02110.png,0,hemorrhagic,1624,val
2111,02111.png,0,hemorrhagic,1625,train
2112,02112.png,0,hemorrhagic,1482,train
2113,02113.png,0,hemorrhagic,1626,train
2114,02114.png,0,hemorrhagic,1255,train
2115,02115.png,0,hemorrhagic,1627,train
2116,02116.png,0,hemorrhagic,1628,train
2117,02117.png,0,hemorrhagic,1629,train
2118,02118.png,0,hemorrhagic,1630,train
2119,02119.png,0,hemorrhagic,1585,train
2120,02120.png,0,hemorrhagic,1631,test
2121,02121.png,0,hemorrhagic,1632,train
2122,02122.png,0,hemorrhagic,1633,train
2123,02123.png,0,hemorrhagic,1634,val
2124,02124.png,0,hemorrhagic,1635,train
2125,02125.png,0,hemorrhagic,1636,val
2126,02126.png,0,hemorrhagic,1637,train
2127,02127.png,0,hemorrhagic,1638,train
2128,02128.png,0,hemorrhagic,1639,test
2129,02129.png,0,hemorrhagic,1640,train
2130,02130.png,0,hemorrhagic,1641,train
2131,02131.png,0,hemorrhagic,1642,val
2132,02132.png,0,hemorrhagic,1643,train
2133,02133.png,0,hemorrhagic,1644,val
2134,02134.png,0,hemorrhagic,1645,train
2135,02135.png,0,hemorrhagic,1646,train
2136,02136.png,0,hemorrhagic,1647,test
2137,02137.png,0,hemorrhagic,1648,train
2138,02138.png,0,hemorrhagic,1649,val
2139,02139.png,0,hemorrhagic,1650,train
2140,02140.png,0,hemorrhagic,1651,train
2141,02141.png,0,hemorrhagic,1652,val
2142,02142.png,0,hemorrhagic,1653,test
2143,02143.png,0,hemorrhagic,1654,test
2144,02144.png,0,hemorrhagic,1655,train
2145,02145.png,0,hemorrhagic,1656,val
2146,02146.png,0,hemorrhagic,1657,val
2147,02147.png,0,hemorrhagic,1658,train
2148,02148.png,0,hemorrhagic,1371,train
2149,02149.png,0,hemorrhagic,1659,test
2150,02150.png,0,hemorrhagic,1660,train
2151,02151.png,0,hemorrhagic,1370,train
2152,02152.png,0,hemorrhagic,1661,val
2153,02153.png,0,hemorrhagic,1662,train
2154,02154.png,0,hemorrhagic,1663,train
2155,02155.png,0,hemorrhagic,1166,val
2156,02156.png,0,hemorrhagic,1070,val
2157,02157.png,0,hemorrhagic,1664,train
2158,02158.png,0,hemorrhagic,1665,train
2159,02159.png,0,hemorrhagic,1666,val
2160,02160.png,0,hemorrhagic,1667,train
2161,02161.png,0,hemorrhagic,1668,train
2162,02162.png,0,hemorrhagic,1669,train
2163,02163.png,0,hemorrhagic,1670,train
2164,02164.png,0,hemorrhagic,1671,train
2165,02165.png,0,hemorrhagic,1672,test
2166,02166.png,0,hemorrhagic,1673,train
2167,02167.png,0,hemorrhagic,1674,train
2168,02168.png,0,hemorrhagic,1675,train
2169,02169.png,0,hemorrhagic,1676,train
2170,02170.png,0,hemorrhagic,1677,val
2171,02171.png,0,hemorrhagic,1678,train
2172,02172.png,0,hemorrhagic,1506,train
2173,02173.png,0,hemorrhagic,1679,train
2174,02174.png,0,hemorrhagic,1680,test
2175,02175.png,0,hemorrhagic,1681,val
2176,02176.png,0,hemorrhagic,1682,train
2177,02177.png,0,hemorrhagic,1683,train
2178,02178.png,0,hemorrhagic,1684,train
2179,02179.png,0,hemorrhagic,1685,test
2180,02180.png,0,hemorrhagic,1686,train
2181,02181.png,0,hemorrhagic,1687,train
2182,02182.png,0,hemorrhagic,1688,test
2183,02183.png,0,hemorrhagic,1689,train
2184,02184.png,0,hemorrhagic,1690,train
2185,02185.png,0,hemorrhagic,1691,train
2186,02186.png,0,hemorrhagic,1129,train
2187,02187.png,0,hemorrhagic,1692,train
2188,02188.png,0,hemorrhagic,1693,train
2189,02189.png,0,hemorrhagic,1694,train
2190,02190.png,0,hemorrhagic,1695,train
2191,02191.png,0,hemorrhagic,1696,val
2192,02192.png,0,hemorrhagic,1157,train
2193,02193.png,0,hemorrhagic,1697,train
2194,02194.png,0,hemorrhagic,1698,val
2195,02195.png,0,hemorrhagic,1699,val
2196,02196.png,0,hemorrhagic,1700,train
2197,02197.png,0,hemorrhagic,1701,train
2198,02198.png,0,hemorrhagic,1702,train
2199,02199.png,0,hemorrhagic,1075,train
2200,02200.png,0,hemorrhagic,1703,test
2201,02201.png,0,hemorrhagic,1704,train
2202,02202.png,0,hemorrhagic,1705,train
2203,02203.png,0,hemorrhagic,1706,train
2204,02204.png,0,hemorrhagic,1707,train
2205,02205.png,0,hemorrhagic,1708,train
2206,02206.png,0,hemorrhagic,1709,train
2207,02207.png,0,hemorrhagic,1710,test
2208,02208.png,0,hemorrhagic,1711,train
2209,02209.png,0,hemorrhagic,1712,train
2210,02210.png,0,hemorrhagic,1713,train
2211,02211.png,0,hemorrhagic,1714,train
2212,02212.png,0,hemorrhagic,1715,train
2213,02213.png,0,hemorrhagic,1716,test
2214,02214.png,0,hemorrhagic,1717,test
2215,02215.png,0,hemorrhagic,1718,train
2216,02216.png,0,hemorrhagic,1719,val
2217,02217.png,0,hemorrhagic,1720,train
2218,02218.png,0,hemorrhagic,1544,test
2219,02219.png,0,hemorrhagic,1721,test
2220,02220.png,0,hemorrhagic,1722,train
2221,02221.png,0,hemorrhagic,1723,train
2222,02222.png,0,hemorrhagic,1724,test
2223,02223.png,0,hemorrhagic,1725,val
2224,02224.png,0,hemorrhagic,1497,train
2225,02225.png,0,hemorrhagic,1726,train
2226,02226.png,0,hemorrhagic,1727,train
2227,02227.png,0,hemorrhagic,1728,train
2228,02228.png,0,hemorrhagic,1729,train
2229,02229.png,0,hemorrhagic,1730,train
2230,02230.png,0,hemorrhagic,1731,test
2231,02231.png,0,hemorrhagic,1732,train
2232,02232.png,0,hemorrhagic,1733,train
2233,02233.png,0,hemorrhagic,1734,train
2234,02234.png,0,hemorrhagic,1735,train
2235,02235.png,0,hemorrhagic,1736,train
2236,02236.png,0,hemorrhagic,1737,train
2237,02237.png,0,hemorrhagic,1738,train
2238,02238.png,0,hemorrhagic,1739,train
2239,02239.png,0,hemorrhagic,1740,val
2240,02240.png,0,hemorrhagic,1741,train
2241,02241.png,0,hemorrhagic,1259,train
2242,02242.png,0,hemorrhagic,1742,train
2243,02243.png,0,hemorrhagic,1743,train
2244,02244.png,0,hemorrhagic,1586,train
2245,02245.png,0,hemorrhagic,1744,train
2246,02246.png,0,hemorrhagic,1745,val
2247,02247.png,0,hemorrhagic,1746,train
2248,02248.png,0,hemorrhagic,1747,train
2249,02249.png,0,hemorrhagic,1748,test
2250,02250.png,0,hemorrhagic,1749,train
2251,02251.png,0,hemorrhagic,1750,train
2252,02252.png,0,hemorrhagic,1751,train
2253,02253.png,0,hemorrhagic,1255,train
2254,02254.png,0,hemorrhagic,1752,train
2255,02255.png,0,hemorrhagic,1753,train
2256,02256.png,0,hemorrhagic,1754,train
2257,02257.png,0,hemorrhagic,1085,train
2258,02258.png,0,hemorrhagic,1755,test
2259,02259.png,0,hemorrhagic,1756,val
2260,02260.png,0,hemorrhagic,1757,val
2261,02261.png,0,hemorrhagic,1758,train
2262,02262.png,0,hemorrhagic,1759,test
2263,02263.png,0,hemorrhagic,1760,val
2264,02264.png,0,hemorrhagic,1761,train
2265,02265.png,0,hemorrhagic,1762,train
2266,02266.png,0,hemorrhagic,1423,train
2267,02267.png,0,hemorrhagic,1763,val
2268,02268.png,0,hemorrhagic,1764,train
2269,02269.png,0,hemorrhagic,1765,train
2270,02270.png,0,hemorrhagic,1766,train
2271,02271.png,0,hemorrhagic,1767,val
2272,02272.png,0,hemorrhagic,1768,train
2273,02273.png,0,hemorrhagic,1769,test
2274,02274.png,0,hemorrhagic,1770,test
2275,02275.png,0,hemorrhagic,1771,train
2276,02276.png,0,hemorrhagic,1772,train
2277,02277.png,0,hemorrhagic,1773,train
2278,02278.png,0,hemorrhagic,1774,train
2279,02279.png,0,hemorrhagic,1775,train
2280,02280.png,0,hemorrhagic,1445,train
2281,02281.png,0,hemorrhagic,1776,train
2282,02282.png,0,hemorrhagic,1777,test
2283,02283.png,0,hemorrhagic,1328,test
2284,02284.png,0,hemorrhagic,1778,train
2285,02285.png,0,hemorrhagic,1779,val
2286,02286.png,0,hemorrhagic,1288,test
2287,02287.png,0,hemorrhagic,1780,train
2288,02288.png,0,hemorrhagic,1781,val
2289,02289.png,0,hemorrhagic,1782,val
2290,02290.png,0,hemorrhagic,1783,train
2291,02291.png,0,hemorrhagic,1328,test
2292,02292.png,0,hemorrhagic,1784,train
2293,02293.png,0,hemorrhagic,1159,val
2294,02294.png,0,hemorrhagic,1785,train
2295,02295.png,0,hemorrhagic,1786,train
2296,02296.png,0,hemorrhagic,1787,val
2297,02297.png,0,hemorrhagic,1788,train
2298,02298.png,0,hemorrhagic,1789,test
2299,02299.png,0,hemorrhagic,1790,train
2300,02300.png,0,hemorrhagic,1791,train
2301,02301.png,0,hemorrhagic,1792,train
2302,02302.png,0,hemorrhagic,1793,val
2303,02303.png,0,hemorrhagic,1794,train
2304,02304.png,0,hemorrhagic,1795,train
2305,02305.png,0,hemorrhagic,1201,train
2306,02306.png,0,hemorrhagic,1796,train
2307,02307.png,0,hemorrhagic,1796,train
2308,02308.png,0,hemorrhagic,1797,train
2309,02309.png,0,hemorrhagic,1798,train
2310,02310.png,0,hemorrhagic,1799,train
2311,02311.png,0,hemorrhagic,1708,train
2312,02312.png,0,hemorrhagic,1800,train
2313,02313.png,0,hemorrhagic,1801,train
2314,02314.png,0,hemorrhagic,1802,train
2315,02315.png,0,hemorrhagic,1803,train
2316,02316.png,0,hemorrhagic,1804,train
2317,02317.png,0,hemorrhagic,1805,train
2318,02318.png,0,hemorrhagic,1806,train
2319,02319.png,0,hemorrhagic,1807,train
2320,02320.png,0,hemorrhagic,1808,train
2321,02321.png,0,hemorrhagic,1809,train
2322,02322.png,0,hemorrhagic,1810,train
2323,02323.png,0,hemorrhagic,973,val
2324,02324.png,0,hemorrhagic,1811,val
2325,02325.png,0,hemorrhagic,1812,train
2326,02326.png,0,hemorrhagic,1813,train
2327,02327.png,0,hemorrhagic,1814,val
2328,02328.png,0,hemorrhagic,1815,test
2329,02329.png,0,hemorrhagic,1157,train
2330,02330.png,0,hemorrhagic,1816,train
2331,02331.png,0,hemorrhagic,1817,val
2332,02332.png,0,hemorrhagic,1818,val
2333,02333.png,0,hemorrhagic,1819,train
2334,02334.png,0,hemorrhagic,1820,train
2335,02335.png,0,hemorrhagic,1821,test
2336,02336.png,0,hemorrhagic,1822,train
2337,02337.png,0,hemorrhagic,1823,train
2338,02338.png,0,hemorrhagic,1824,train
2339,02339.png,0,hemorrhagic,1825,train
2340,02340.png,0,hemorrhagic,1826,val
2341,02341.png,0,hemorrhagic,1827,test
2342,02342.png,0,hemorrhagic,1828,train
2343,02343.png,0,hemorrhagic,1141,train
2344,02344.png,0,hemorrhagic,1829,train
2345,02345.png,0,hemorrhagic,1830,train
2346,02346.png,0,hemorrhagic,1831,train
2347,02347.png,0,hemorrhagic,1832,train
2348,02348.png,0,hemorrhagic,1833,train
2349,02349.png,0,hemorrhagic,1834,train
2350,02350.png,0,hemorrhagic,1835,test
2351,02351.png,0,hemorrhagic,1836,train
2352,02352.png,0,hemorrhagic,1837,train
2353,02353.png,0,hemorrhagic,1838,train
2354,02354.png,0,hemorrhagic,1839,train
2355,02355.png,0,hemorrhagic,1840,train
2356,02356.png,0,hemorrhagic,1841,train
2357,02357.png,0,hemorrhagic,1842,train
2358,02358.png,0,hemorrhagic,1843,train
2359,02359.png,0,hemorrhagic,1844,train
2360,02360.png,0,hemorrhagic,1845,train
2361,02361.png,0,hemorrhagic,1846,train
2362,02362.png,0,hemorrhagic,1847,train
2363,02363.png,0,hemorrhagic,1848,train
2364,02364.png,0,hemorrhagic,1849,train
2365,02365.png,0,hemorrhagic,1445,train
2366,02366.png,0,hemorrhagic,1850,train
2367,02367.png,0,hemorrhagic,1851,train
2368,02368.png,0,hemorrhagic,1852,train
2369,02369.png,0,hemorrhagic,1853,val
2370,02370.png,0,hemorrhagic,1854,test
2371,02371.png,0,hemorrhagic,1855,train
2372,02372.png,0,hemorrhagic,1085,train
2373,02373.png,0,hemorrhagic,1856,train
2374,02374.png,0,hemorrhagic,1857,val
2375,02375.png,0,hemorrhagic,1188,test
2376,02376.png,0,hemorrhagic,1322,train
2377,02377.png,0,hemorrhagic,1858,train
2378,02378.png,0,hemorrhagic,1859,test
2379,02379.png,0,hemorrhagic,1860,test
2380,02380.png,0,hemorrhagic,1861,train
2381,02381.png,0,hemorrhagic,1627,train
2382,02382.png,0,hemorrhagic,1862,train
2383,02383.png,0,hemorrhagic,1863,train
2384,02384.png,0,hemorrhagic,1864,train
2385,02385.png,0,hemorrhagic,1865,train
2386,02386.png,0,hemorrhagic,1866,train
2387,02387.png,0,hemorrhagic,1328,test
2388,02388.png,0,hemorrhagic,1867,train
2389,02389.png,0,hemorrhagic,1868,train
2390,02390.png,0,hemorrhagic,1869,test
2391,02391.png,0,hemorrhagic,1870,train
2392,02392.png,0,hemorrhagic,1871,test
2393,02393.png,0,hemorrhagic,1872,train
2394,02394.png,0,hemorrhagic,1873,train
2395,02395.png,0,hemorrhagic,1874,train
2396,02396.png,0,hemorrhagic,1875,train
2397,02397.png,0,hemorrhagic,1876,train
2398,02398.png,0,hemorrhagic,1877,test
2399,02399.png,0,hemorrhagic,1517,val
2400,02400.png,0,hemorrhagic,1878,train
2401,02401.png,0,hemorrhagic,1879,train
2402,02402.png,0,hemorrhagic,1880,train
2403,02403.png,0,hemorrhagic,1881,train
2404,02404.png,0,hemorrhagic,1882,train
2405,02405.png,0,hemorrhagic,1135,train
2406,02406.png,0,hemorrhagic,1883,train
2407,02407.png,0,hemorrhagic,1884,val
2408,02408.png,0,hemorrhagic,1885,train
2409,02409.png,0,hemorrhagic,1886,train
2410,02410.png,0,hemorrhagic,1791,train
2411,02411.png,0,hemorrhagic,1887,train
2412,02412.png,0,hemorrhagic,1888,train
2413,02413.png,0,hemorrhagic,1889,val
2414,02414.png,0,hemorrhagic,1890,train
2415,02415.png,0,hemorrhagic,1157,train
2416,02416.png,0,hemorrhagic,1891,train
2417,02417.png,0,hemorrhagic,1255,train
2418,02418.png,0,hemorrhagic,1892,test
2419,02419.png,0,hemorrhagic,1711,train
2420,02420.png,0,hemorrhagic,1404,train
2421,02421.png,0,hemorrhagic,1230,train
2422,02422.png,0,hemorrhagic,1893,train
2423,02423.png,0,hemorrhagic,1157,train
2424,02424.png,0,hemorrhagic,1894,train
2425,02425.png,0,hemorrhagic,1895,train
2426,02426.png,0,hemorrhagic,1896,test
2427,02427.png,0,hemorrhagic,1897,train
2428,02428.png,0,hemorrhagic,1898,train
2429,02429.png,0,hemorrhagic,1899,train
2430,02430.png,0,hemorrhagic,1055,train
2431,02431.png,0,hemorrhagic,1900,train
2432,02432.png,0,hemorrhagic,1901,train
2433,02433.png,0,hemorrhagic,1524,train
2434,02434.png,0,hemorrhagic,1902,train
2435,02435.png,0,hemorrhagic,1903,test
2436,02436.png,0,hemorrhagic,1904,test
2437,02437.png,0,hemorrhagic,1905,train
2438,02438.png,0,hemorrhagic,1906,val
2439,02439.png,0,hemorrhagic,1907,train
2440,02440.png,0,hemorrhagic,1908,train
2441,02441.png,0,hemorrhagic,1909,test
2442,02442.png,0,hemorrhagic,1910,train
2443,02443.png,0,hemorrhagic,1911,test
2444,02444.png,0,hemorrhagic,1855,train
2445,02445.png,0,hemorrhagic,1912,train
2446,02446.png,0,hemorrhagic,1576,train
2447,02447.png,0,hemorrhagic,1913,train
2448,02448.png,0,hemorrhagic,1914,train
2449,02449.png,0,hemorrhagic,1915,train
2450,02450.png,0,hemorrhagic,1916,train
2451,02451.png,0,hemorrhagic,1917,train
2452,02452.png,0,hemorrhagic,962,train
2453,02453.png,0,hemorrhagic,1066,train
2454,02454.png,0,hemorrhagic,1376,train
2455,02455.png,0,hemorrhagic,1377,train
2456,02456.png,0,hemorrhagic,1379,train
2457,02457.png,0,hemorrhagic,1381,train
2458,02458.png,0,hemorrhagic,1382,test
2459,02459.png,0,hemorrhagic,1385,train
2460,02460.png,0,hemorrhagic,1387,train
2461,02461.png,0,hemorrhagic,1391,train
2462,02462.png,0,hemorrhagic,1392,test
2463,02463.png,0,hemorrhagic,1399,train
2464,02464.png,0,hemorrhagic,1400,train
2465,02465.png,0,hemorrhagic,1403,train
2466,02466.png,0,hemorrhagic,1406,train
2467,02467.png,0,hemorrhagic,1411,train
2468,02468.png,0,hemorrhagic,1413,train
2469,02469.png,0,hemorrhagic,1416,train
2470,02470.png,0,hemorrhagic,1417,train
2471,02471.png,0,hemorrhagic,1419,train
2472,02472.png,0,hemorrhagic,1422,train
2473,02473.png,0,hemorrhagic,1425,train
2474,02474.png,0,hemorrhagic,1427,val
2475,02475.png,0,hemorrhagic,1430,train
2476,02476.png,0,hemorrhagic,1434,train
2477,02477.png,0,hemorrhagic,1435,test
2478,02478.png,0,hemorrhagic,1441,val
2479,02479.png,0,hemorrhagic,1442,val
2480,02480.png,0,hemorrhagic,1448,val
2481,02481.png,0,hemorrhagic,1453,test
2482,02482.png,0,hemorrhagic,1460,val
2483,02483.png,0,hemorrhagic,1462,train
2484,02484.png,0,hemorrhagic,1464,train
2485,02485.png,0,hemorrhagic,1466,test
2486,02486.png,0,hemorrhagic,1469,test
2487,02487.png,0,hemorrhagic,1299,train
2488,02488.png,0,hemorrhagic,1472,train
2489,02489.png,0,hemorrhagic,1473,train
2490,02490.png,0,hemorrhagic,1476,val
2491,02491.png,0,hemorrhagic,1477,train
2492,02492.png,0,hemorrhagic,1481,test
2493,02493.png,0,hemorrhagic,1482,train
2494,02494.png,0,hemorrhagic,1487,train
2495,02495.png,0,hemorrhagic,1495,test
2496,02496.png,0,hemorrhagic,1496,train
2497,02497.png,0,hemorrhagic,1504,train
2498,02498.png,0,hemorrhagic,1507,val
2499,02499.png,0,hemorrhagic,1513,train
2500,02500.png,0,hemorrhagic,1252,train
2501,02501.png,0,hemorrhagic,1514,train
2502,02502.png,0,hemorrhagic,1515,train
2503,02503.png,0,hemorrhagic,1521,test
2504,02504.png,0,hemorrhagic,1525,train
2505,02505.png,0,hemorrhagic,1527,train
2506,02506.png,0,hemorrhagic,1533,train
2507,02507.png,0,hemorrhagic,1536,test
2508,02508.png,0,hemorrhagic,1537,train
2509,02509.png,0,hemorrhagic,1540,val
2510,02510.png,0,hemorrhagic,1541,val
2511,02511.png,0,hemorrhagic,1548,val
2512,02512.png,0,hemorrhagic,1552,train
2513,02513.png,0,hemorrhagic,1317,train
2514,02514.png,0,hemorrhagic,1556,test
2515,02515.png,0,hemorrhagic,1564,train
2516,02516.png,0,hemorrhagic,1565,test
2517,02517.png,0,hemorrhagic,1567,train
2518,02518.png,0,hemorrhagic,1570,test
2519,02519.png,0,hemorrhagic,1513,train
2520,02520.png,0,hemorrhagic,1577,train
2521,02521.png,0,hemorrhagic,1579,test
2522,02522.png,0,hemorrhagic,1580,train
2523,02523.png,0,hemorrhagic,1581,test
2524,02524.png,0,hemorrhagic,1224,train
2525,02525.png,0,hemorrhagic,1585,train
2526,02526.png,0,hemorrhagic,1590,train
2527,02527.png,0,hemorrhagic,1513,train
2528,02528.png,0,hemorrhagic,1598,train
2529,02529.png,0,hemorrhagic,1602,train
2530,02530.png,0,hemorrhagic,1603,train
2531,02531.png,0,hemorrhagic,1606,test
2532,02532.png,0,hemorrhagic,1609,train
2533,02533.png,0,hemorrhagic,1613,train
2534,02534.png,0,hemorrhagic,1617,train
2535,02535.png,0,hemorrhagic,1619,train
2536,02536.png,0,hemorrhagic,1623,train
2537,02537.png,0,hemorrhagic,1625,train
2538,02538.png,0,hemorrhagic,1482,train
2539,02539.png,0,hemorrhagic,1629,train
2540,02540.png,0,hemorrhagic,1585,train
2541,02541.png,0,hemorrhagic,1631,test
2542,02542.png,0,hemorrhagic,1633,train
2543,02543.png,0,hemorrhagic,1634,val
2544,02544.png,0,hemorrhagic,1636,val
2545,02545.png,0,hemorrhagic,1639,test
2546,02546.png,0,hemorrhagic,1644,val
2547,02547.png,0,hemorrhagic,1647,test
2548,02548.png,0,hemorrhagic,1651,train
2549,02549.png,0,hemorrhagic,1656,val
2550,02550.png,0,hemorrhagic,1660,train
2551,02551.png,0,hemorrhagic,1370,train
2552,02552.png,0,hemorrhagic,1664,train
2553,02553.png,0,hemorrhagic,1667,train
2554,02554.png,0,hemorrhagic,1674,train
2555,02555.png,0,hemorrhagic,1675,train
2556,02556.png,0,hemorrhagic,1680,test
2557,02557.png,0,hemorrhagic,1681,val
2558,02558.png,0,hemorrhagic,1682,train
2559,02559.png,0,hemorrhagic,1685,test
2560,02560.png,0,hemorrhagic,1690,train
2561,02561.png,0,hemorrhagic,1691,train
2562,02562.png,0,hemorrhagic,1693,train
2563,02563.png,0,hemorrhagic,1698,val
2564,02564.png,0,hemorrhagic,1699,val
2565,02565.png,0,hemorrhagic,1703,test
2566,02566.png,0,hemorrhagic,1706,train
2567,02567.png,0,hemorrhagic,1707,train
2568,02568.png,0,hemorrhagic,1708,train
2569,02569.png,0,hemorrhagic,1709,train
2570,02570.png,0,hemorrhagic,1710,test
2571,02571.png,0,hemorrhagic,1711,train
2572,02572.png,0,hemorrhagic,1713,train
2573,02573.png,0,hemorrhagic,1714,train
2574,02574.png,0,hemorrhagic,1718,train
2575,02575.png,0,hemorrhagic,1721,test
2576,02576.png,0,hemorrhagic,1723,train
2577,02577.png,0,hemorrhagic,1725,val
2578,02578.png,0,hemorrhagic,1727,train
2579,02579.png,0,hemorrhagic,1729,train
2580,02580.png,0,hemorrhagic,1730,train
2581,02581.png,0,hemorrhagic,1731,test
2582,02582.png,0,hemorrhagic,1732,train
2583,02583.png,0,hemorrhagic,1737,train
2584,02584.png,0,hemorrhagic,1741,train
2585,02585.png,0,hemorrhagic,1743,train
2586,02586.png,0,hemorrhagic,1744,train
2587,02587.png,0,hemorrhagic,1754,train
2588,02588.png,0,hemorrhagic,1756,val
2589,02589.png,0,hemorrhagic,1757,val
2590,02590.png,0,hemorrhagic,1758,train
2591,02591.png,0,hemorrhagic,1761,train
2592,02592.png,0,hemorrhagic,1764,train
2593,02593.png,0,hemorrhagic,1765,train
2594,02594.png,0,hemorrhagic,1767,val
2595,02595.png,0,hemorrhagic,1769,test
2596,02596.png,0,hemorrhagic,1775,train
2597,02597.png,0,hemorrhagic,1779,val
2598,02598.png,0,hemorrhagic,1288,test
2599,02599.png,0,hemorrhagic,1781,val
2600,02600.png,0,hemorrhagic,1784,train
2601,02601.png,0,hemorrhagic,1159,val
2602,02602.png,0,hemorrhagic,1791,train
2603,02603.png,0,hemorrhagic,1794,train
2604,02604.png,0,hemorrhagic,1796,train
2605,02605.png,0,hemorrhagic,1796,train
2606,02606.png,0,hemorrhagic,1799,train
2607,02607.png,0,hemorrhagic,1708,train
2608,02608.png,0,hemorrhagic,1800,train
2609,02609.png,0,hemorrhagic,1802,train
2610,02610.png,0,hemorrhagic,1803,train
2611,02611.png,0,hemorrhagic,1812,train
2612,02612.png,0,hemorrhagic,1814,val
2613,02613.png,0,hemorrhagic,1815,test
2614,02614.png,0,hemorrhagic,1817,val
2615,02615.png,0,hemorrhagic,1822,train
2616,02616.png,0,hemorrhagic,1823,train
2617,02617.png,0,hemorrhagic,1825,train
2618,02618.png,0,hemorrhagic,1834,train
2619,02619.png,0,hemorrhagic,1840,train
2620,02620.png,0,hemorrhagic,1841,train
2621,02621.png,0,hemorrhagic,1846,train
2622,02622.png,0,hemorrhagic,1850,train
2623,02623.png,0,hemorrhagic,1854,test
2624,02624.png,0,hemorrhagic,1855,train
2625,02625.png,0,hemorrhagic,1858,train
2626,02626.png,0,hemorrhagic,1859,test
2627,02627.png,0,hemorrhagic,1863,train
2628,02628.png,0,hemorrhagic,1864,train
2629,02629.png,0,hemorrhagic,1870,train
2630,02630.png,0,hemorrhagic,1874,train
2631,02631.png,0,hemorrhagic,1876,train
2632,02632.png,0,hemorrhagic,1877,test
2633,02633.png,0,hemorrhagic,1879,train
2634,02634.png,0,hemorrhagic,1881,train
2635,02635.png,0,hemorrhagic,1882,train
2636,02636.png,0,hemorrhagic,1791,train
2637,02637.png,0,hemorrhagic,1887,train
2638,02638.png,0,hemorrhagic,1888,train
2639,02639.png,0,hemorrhagic,1889,val
2640,02640.png,0,hemorrhagic,1890,train
2641,02641.png,0,hemorrhagic,1891,train
2642,02642.png,0,hemorrhagic,1892,test
2643,02643.png,0,hemorrhagic,1711,train
2644,02644.png,0,hemorrhagic,1055,train
2645,02645.png,0,hemorrhagic,1901,train
2646,02646.png,0,hemorrhagic,1903,test
2647,02647.png,0,hemorrhagic,1905,train
2648,02648.png,0,hemorrhagic,1907,train
2649,02649.png,0,hemorrhagic,1855,train
2650,02650.png,0,hemorrhagic,1917,train
2651,02651.png,2,normal,1918,train
2652,02652.png,2,normal,1919,test
2653,02653.png,2,normal,1920,test
2654,02654.png,2,normal,1921,train
2655,02655.png,2,normal,1922,train
2656,02656.png,2,normal,1923,train
2657,02657.png,2,normal,1924,train
2658,02658.png,2,normal,1925,val
2659,02659.png,2,normal,1926,train
2660,02660.png,2,normal,1927,train
2661,02661.png,2,normal,1928,train
2662,02662.png,2,normal,1929,train
2663,02663.png,2,normal,1930,val
2664,02664.png,2,normal,1931,train
2665,02665.png,2,normal,1932,test
2666,02666.png,2,normal,1933,val
2667,02667.png,2,normal,1934,train
2668,02668.png,2,normal,1935,val
2669,02669.png,2,normal,1936,train
2670,02670.png,2,normal,1937,train
2671,02671.png,2,normal,1938,train
2672,02672.png,2,normal,1939,train
2673,02673.png,2,normal,1940,val
2674,02674.png,2,normal,1941,train
2675,02675.png,2,normal,1942,train
2676,02676.png,2,normal,1943,train
2677,02677.png,2,normal,1944,train
2678,02678.png,2,normal,1945,train
2679,02679.png,2,normal,1946,train
2680,02680.png,2,normal,1947,test
2681,02681.png,2,normal,1948,train
2682,02682.png,2,normal,1949,train
2683,02683.png,2,normal,1950,train
2684,02684.png,2,normal,1951,val
2685,02685.png,2,normal,1952,train
2686,02686.png,2,normal,1953,train
2687,02687.png,2,normal,1954,test
2688,02688.png,2,normal,1955,train
2689,02689.png,2,normal,1956,train
2690,02690.png,2,normal,1957,train
2691,02691.png,2,normal,1958,train
2692,02692.png,2,normal,1959,train
2693,02693.png,2,normal,1960,val
2694,02694.png,2,normal,1961,test
2695,02695.png,2,normal,1962,train
2696,02696.png,2,normal,1963,train
2697,02697.png,2,normal,2384,train
2698,02698.png,2,normal,1964,test
2699,02699.png,2,normal,1965,test
2700,02700.png,2,normal,1966,test
2701,02701.png,2,normal,1967,test
2702,02702.png,2,normal,1968,train
2703,02703.png,2,normal,1969,train
2704,02704.png,2,normal,1970,train
2705,02705.png,2,normal,1971,train
2706,02706.png,2,normal,1972,train
2707,02707.png,2,normal,1973,train
2708,02708.png,2,normal,1974,train
2709,02709.png,2,normal,1975,test
2710,02710.png,2,normal,1976,test
2711,02711.png,2,normal,1977,train
2712,02712.png,2,normal,1978,train
2713,02713.png,2,normal,1979,val
2714,02714.png,2,normal,1980,train
2715,02715.png,2,normal,1981,train
2716,02716.png,2,normal,1982,test
2717,02717.png,2,normal,1983,test
2718,02718.png,2,normal,1984,val
2719,02719.png,2,normal,1985,train
2720,02720.png,2,normal,1986,train
2721,02721.png,2,normal,1987,train
2722,02722.png,2,normal,1988,train
2723,02723.png,2,normal,1989,val
2724,02724.png,2,normal,1990,val
2725,02725.png,2,normal,1991,train
2726,02726.png,2,normal,1992,test
2727,02727.png,2,normal,1993,test
2728,02728.png,2,normal,2515,test
2729,02729.png,2,normal,1994,train
2730,02730.png,2,normal,1995,val
2731,02731.png,2,normal,1996,train
2732,02732.png,2,normal,1997,train
2733,02733.png,2,normal,1998,test
2734,02734.png,2,normal,1999,train
2735,02735.png,2,normal,2000,train
2736,02736.png,2,normal,2001,train
2737,02737.png,2,normal,2002,train
2738,02738.png,2,normal,2003,train
2739,02739.png,2,normal,2004,train
2740,02740.png,2,normal,2005,val
2741,02741.png,2,normal,2006,test
2742,02742.png,2,normal,2007,train
2743,02743.png,2,normal,2008,train
2744,02744.png,2,normal,2009,train
2745,02745.png,2,normal,2010,train
2746,02746.png,2,normal,2011,val
2747,02747.png,2,normal,2012,train
2748,02748.png,2,normal,2013,val
2749,02749.png,2,normal,2014,train
2750,02750.png,2,normal,2015,test
2751,02751.png,2,normal,2016,train
2752,02752.png,2,normal,2017,test
2753,02753.png,2,normal,2018,train
2754,02754.png,2,normal,2019,train
2755,02755.png,2,normal,2020,train
2756,02756.png,2,normal,2021,train
2757,02757.png,2,normal,2022,train
2758,02758.png,2,normal,2023,test
2759,02759.png,2,normal,2024,test
2760,02760.png,2,normal,2025,train
2761,02761.png,2,normal,2026,train
2762,02762.png,2,normal,2027,train
2763,02763.png,2,normal,2028,train
2764,02764.png,2,normal,2029,test
2765,02765.png,2,normal,2030,val
2766,02766.png,2,normal,2031,train
2767,02767.png,2,normal,2032,val
2768,02768.png,2,normal,2033,train
2769,02769.png,2,normal,2034,train
2770,02770.png,2,normal,2035,train
2771,02771.png,2,normal,2036,val
2772,02772.png,2,normal,2037,train
2773,02773.png,2,normal,2038,val
2774,02774.png,2,normal,2039,val
2775,02775.png,2,normal,2040,train
2776,02776.png,2,normal,2041,test
2777,02777.png,2,normal,2042,train
2778,02778.png,2,normal,2384,train
2779,02779.png,2,normal,2043,test
2780,02780.png,2,normal,2044,train
2781,02781.png,2,normal,2045,train
2782,02782.png,2,normal,2046,train
2783,02783.png,2,normal,2047,train
2784,02784.png,2,normal,2048,train
2785,02785.png,2,normal,2049,train
2786,02786.png,2,normal,2050,val
2787,02787.png,2,normal,2051,test
2788,02788.png,2,normal,2052,train
2789,02789.png,2,normal,2053,val
2790,02790.png,2,normal,2054,train
2791,02791.png,2,normal,2055,train
2792,02792.png,2,normal,2056,train
2793,02793.png,2,normal,2057,train
2794,02794.png,2,normal,2058,train
2795,02795.png,2,normal,2059,val
2796,02796.png,2,normal,2060,val
2797,02797.png,2,normal,2061,val
2798,02798.png,2,normal,2062,val
2799,02799.png,2,normal,2063,val
2800,02800.png,2,normal,2064,val
2801,02801.png,2,normal,2065,train
2802,02802.png,2,normal,2066,train
2803,02803.png,2,normal,2067,train
2804,02804.png,2,normal,2068,val
2805,02805.png,2,normal,2069,train
2806,02806.png,2,normal,2070,train
2807,02807.png,2,normal,2071,train
2808,02808.png,2,normal,2072,train
2809,02809.png,2,normal,2073,val
2810,02810.png,2,normal,2074,train
2811,02811.png,2,normal,2075,train
2812,02812.png,2,normal,2076,test
2813,02813.png,2,normal,2077,test
2814,02814.png,2,normal,2078,train
2815,02815.png,2,normal,2079,train
2816,02816.png,2,normal,2080,test
2817,02817.png,2,normal,2081,train
2818,02818.png,2,normal,2082,train
2819,02819.png,2,normal,2083,train
2820,02820.png,2,normal,2084,train
2821,02821.png,2,normal,2085,train
2822,02822.png,2,normal,2086,train
2823,02823.png,2,normal,2087,val
2824,02824.png,2,normal,2088,train
2825,02825.png,2,normal,2089,test
2826,02826.png,2,normal,2090,train
2827,02827.png,2,normal,2091,train
2828,02828.png,2,normal,2092,train
2829,02829.png,2,normal,2093,test
2830,02830.png,2,normal,2094,train
2831,02831.png,2,normal,2095,test
2832,02832.png,2,normal,2096,train
2833,02833.png,2,normal,2097,train
2834,02834.png,2,normal,2098,train
2835,02835.png,2,normal,2099,train
2836,02836.png,2,normal,2100,train
2837,02837.png,2,normal,2101,train
2838,02838.png,2,normal,2102,train
2839,02839.png,2,normal,2103,train
2840,02840.png,2,normal,2104,train
2841,02841.png,2,normal,2105,train
2842,02842.png,2,normal,2106,train
2843,02843.png,2,normal,2107,train
2844,02844.png,2,normal,2108,train
2845,02845.png,2,normal,2109,train
2846,02846.png,2,normal,2110,test
2847,02847.png,2,normal,2111,train
2848,02848.png,2,normal,2112,train
2849,02849.png,2,normal,2113,train
2850,02850.png,2,normal,2114,train
2851,02851.png,2,normal,2115,train
2852,02852.png,2,normal,2116,train
2853,02853.png,2,normal,2117,train
2854,02854.png,2,normal,2118,train
2855,02855.png,2,normal,2119,val
2856,02856.png,2,normal,2120,train
2857,02857.png,2,normal,2121,train
2858,02858.png,2,normal,2122,train
2859,02859.png,2,normal,2123,train
2860,02860.png,2,normal,2124,train
2861,02861.png,2,normal,2125,train
2862,02862.png,2,normal,2126,train
2863,02863.png,2,normal,2127,train
2864,02864.png,2,normal,2128,train
2865,02865.png,2,normal,2129,val
2866,02866.png,2,normal,2130,train
2867,02867.png,2,normal,2131,train
2868,02868.png,2,normal,2132,train
2869,02869.png,2,normal,2133,train
2870,02870.png,2,normal,2134,train
2871,02871.png,2,normal,2135,val
2872,02872.png,2,normal,2136,train
2873,02873.png,2,normal,2137,test
2874,02874.png,2,normal,2138,train
2875,02875.png,2,normal,2139,train
2876,02876.png,2,normal,2140,train
2877,02877.png,2,normal,2141,train
2878,02878.png,2,normal,2142,train
2879,02879.png,2,normal,2143,train
2880,02880.png,2,normal,2144,val
2881,02881.png,2,normal,2145,val
2882,02882.png,2,normal,2146,train
2883,02883.png,2,normal,2147,train
2884,02884.png,2,normal,2148,test
2885,02885.png,2,normal,2149,train
2886,02886.png,2,normal,2150,train
2887,02887.png,2,normal,2151,train
2888,02888.png,2,normal,2152,val
2889,02889.png,2,normal,2153,train
2890,02890.png,2,normal,2154,test
2891,02891.png,2,normal,2155,val
2892,02892.png,2,normal,2156,val
2893,02893.png,2,normal,2157,train
2894,02894.png,2,normal,2158,train
2895,02895.png,2,normal,2159,train
2896,02896.png,2,normal,2160,test
2897,02897.png,2,normal,2161,test
2898,02898.png,2,normal,2162,train
2899,02899.png,2,normal,2163,train
2900,02900.png,2,normal,2164,train
2901,02901.png,2,normal,2165,val
2902,02902.png,2,normal,2166,train
2903,02903.png,2,normal,2167,train
2904,02904.png,2,normal,2168,train
2905,02905.png,2,normal,2169,train
2906,02906.png,2,normal,2170,test
2907,02907.png,2,normal,2171,train
2908,02908.png,2,normal,2172,train
2909,02909.png,2,normal,2173,train
2910,02910.png,2,normal,2174,train
2911,02911.png,2,normal,2175,test
2912,02912.png,2,normal,2176,test
2913,02913.png,2,normal,2177,train
2914,02914.png,2,normal,2178,train
2915,02915.png,2,normal,2179,val
2916,02916.png,2,normal,2180,train
2917,02917.png,2,normal,2181,val
2918,02918.png,2,normal,2182,train
2919,02919.png,2,normal,2183,train
2920,02920.png,2,normal,2184,train
2921,02921.png,2,normal,2185,val
2922,02922.png,2,normal,2186,train
2923,02923.png,2,normal,2187,test
2924,02924.png,2,normal,2188,val
2925,02925.png,2,normal,2189,test
2926,02926.png,2,normal,2190,train
2927,02927.png,2,normal,2191,test
2928,02928.png,2,normal,2192,test
2929,02929.png,2,normal,2193,train
2930,02930.png,2,normal,2194,train
2931,02931.png,2,normal,2195,train
2932,02932.png,2,normal,2196,train
2933,02933.png,2,normal,2197,val
2934,02934.png,2,normal,2198,train
2935,02935.png,2,normal,2199,test
2936,02936.png,2,normal,2200,train
2937,02937.png,2,normal,2201,val
2938,02938.png,2,normal,2202,train
2939,02939.png,2,normal,2203,train
2940,02940.png,2,normal,2204,train
2941,02941.png,2,normal,2205,val
2942,02942.png,2,normal,2206,train
2943,02943.png,2,normal,2207,test
2944,02944.png,2,normal,2208,train
2945,02945.png,2,normal,2209,train
2946,02946.png,2,normal,2210,val
2947,02947.png,2,normal,2211,train
2948,02948.png,2,normal,2212,train
2949,02949.png,2,normal,2213,train
2950,02950.png,2,normal,2214,train
2951,02951.png,2,normal,2215,train
2952,02952.png,2,normal,2216,train
2953,02953.png,2,normal,2217,train
2954,02954.png,2,normal,2218,train
2955,02955.png,2,normal,2219,train
2956,02956.png,2,normal,2220,val
2957,02957.png,2,normal,2221,test
2958,02958.png,2,normal,2222,train
2959,02959.png,2,normal,2223,train
2960,02960.png,2,normal,2224,train
2961,02961.png,2,normal,2225,train
2962,02962.png,2,normal,2226,test
2963,02963.png,2,normal,2227,train
2964,02964.png,2,normal,2228,test
2965,02965.png,2,normal,2229,val
2966,02966.png,2,normal,2230,val
2967,02967.png,2,normal,2231,train
2968,02968.png,2,normal,2232,train
2969,02969.png,2,normal,2233,train
2970,02970.png,2,normal,2234,train
2971,02971.png,2,normal,2235,train
2972,02972.png,2,normal,2236,train
2973,02973.png,2,normal,2237,train
2974,02974.png,2,normal,2238,val
2975,02975.png,2,normal,2239,train
2976,02976.png,2,normal,2240,val
2977,02977.png,2,normal,2241,train
2978,02978.png,2,normal,2242,train
2979,02979.png,2,normal,2243,train
2980,02980.png,2,normal,2244,train
2981,02981.png,2,normal,2245,train
2982,02982.png,2,normal,2246,train
2983,02983.png,2,normal,2247,train
2984,02984.png,2,normal,2248,test
2985,02985.png,2,normal,2249,train
2986,02986.png,2,normal,2250,train
2987,02987.png,2,normal,2251,train
2988,02988.png,2,normal,2252,train
2989,02989.png,2,normal,2253,val
2990,02990.png,2,normal,2254,val
2991,02991.png,2,normal,2255,train
2992,02992.png,2,normal,2256,train
2993,02993.png,2,normal,2257,val
2994,02994.png,2,normal,2258,val
2995,02995.png,2,normal,2259,train
2996,02996.png,2,normal,2260,val
2997,02997.png,2,normal,2261,test
2998,02998.png,2,normal,2262,train
2999,02999.png,2,normal,2263,train
3000,03000.png,2,normal,2264,train
3001,03001.png,2,normal,2265,train
3002,03002.png,2,normal,2266,train
3003,03003.png,2,normal,2267,train
3004,03004.png,2,normal,2268,train
3005,03005.png,2,normal,2269,train
3006,03006.png,2,normal,2270,test
3007,03007.png,2,normal,2271,train
3008,03008.png,2,normal,2272,val
3009,03009.png,2,normal,2273,train
3010,03010.png,2,normal,2274,test
3011,03011.png,2,normal,2275,train
3012,03012.png,2,normal,2276,train
3013,03013.png,2,normal,2277,val
3014,03014.png,2,normal,2278,train
3015,03015.png,2,normal,2279,train
3016,03016.png,2,normal,2280,train
3017,03017.png,2,normal,2281,train
3018,03018.png,2,normal,2746,train
3019,03019.png,2,normal,2282,train
3020,03020.png,2,normal,2283,val
3021,03021.png,2,normal,2284,test
3022,03022.png,2,normal,2285,val
3023,03023.png,2,normal,2286,test
3024,03024.png,2,normal,2287,train
3025,03025.png,2,normal,2288,train
3026,03026.png,2,normal,2289,test
3027,03027.png,2,normal,2290,train
3028,03028.png,2,normal,2291,train
3029,03029.png,2,normal,2292,train
3030,03030.png,2,normal,2293,train
3031,03031.png,2,normal,2294,train
3032,03032.png,2,normal,2295,train
3033,03033.png,2,normal,2296,val
3034,03034.png,2,normal,2297,train
3035,03035.png,2,normal,2298,train
3036,03036.png,2,normal,2299,train
3037,03037.png,2,normal,2300,test
3038,03038.png,2,normal,2301,train
3039,03039.png,2,normal,2302,train
3040,03040.png,2,normal,2303,val
3041,03041.png,2,normal,2304,test
3042,03042.png,2,normal,2305,test
3043,03043.png,2,normal,2306,test
3044,03044.png,2,normal,2307,train
3045,03045.png,2,normal,2308,train
3046,03046.png,2,normal,2309,train
3047,03047.png,2,normal,2310,test
3048,03048.png,2,normal,2311,train
3049,03049.png,2,normal,2312,train
3050,03050.png,2,normal,2313,train
3051,03051.png,2,normal,2314,val
3052,03052.png,2,normal,2315,test
3053,03053.png,2,normal,2316,train
3054,03054.png,2,normal,2317,val
3055,03055.png,2,normal,2318,val
3056,03056.png,2,normal,2319,test
3057,03057.png,2,normal,2320,train
3058,03058.png,2,normal,2321,test
3059,03059.png,2,normal,2322,train
3060,03060.png,2,normal,2323,train
3061,03061.png,2,normal,2324,train
3062,03062.png,2,normal,2325,val
3063,03063.png,2,normal,2326,train
3064,03064.png,2,normal,2327,train
3065,03065.png,2,normal,2328,train
3066,03066.png,2,normal,2329,val
3067,03067.png,2,normal,2330,train
3068,03068.png,2,normal,2331,val
3069,03069.png,2,normal,2332,val
3070,03070.png,2,normal,2333,train
3071,03071.png,2,normal,2334,test
3072,03072.png,2,normal,2335,train
3073,03073.png,2,normal,2336,test
3074,03074.png,2,normal,2337,train
3075,03075.png,2,normal,2338,val
3076,03076.png,2,normal,2339,val
3077,03077.png,2,normal,2340,train
3078,03078.png,2,normal,2341,train
3079,03079.png,2,normal,2342,train
3080,03080.png,2,normal,2343,train
3081,03081.png,2,normal,2344,train
3082,03082.png,2,normal,2345,test
3083,03083.png,2,normal,2346,train
3084,03084.png,2,normal,2995,train
3085,03085.png,2,normal,2347,train
3086,03086.png,2,normal,2348,train
3087,03087.png,2,normal,2349,train
3088,03088.png,2,normal,2350,test
3089,03089.png,2,normal,2351,train
3090,03090.png,2,normal,2352,train
3091,03091.png,2,normal,2353,val
3092,03092.png,2,normal,2354,train
3093,03093.png,2,normal,2355,train
3094,03094.png,2,normal,2356,test
3095,03095.png,2,normal,2357,val
3096,03096.png,2,normal,2358,train
3097,03097.png,2,normal,2359,train
3098,03098.png,2,normal,2360,train
3099,03099.png,2,normal,2361,train
3100,03100.png,2,normal,2362,train
3101,03101.png,2,normal,2363,train
3102,03102.png,2,normal,2364,train
3103,03103.png,2,normal,2365,train
3104,03104.png,2,normal,2366,train
3105,03105.png,2,normal,2367,train
3106,03106.png,2,normal,2368,train
3107,03107.png,2,normal,2369,train
3108,03108.png,2,normal,2370,train
3109,03109.png,2,normal,2371,train
3110,03110.png,2,normal,2372,train
3111,03111.png,2,normal,2373,val
3112,03112.png,2,normal,2374,val
3113,03113.png,2,normal,2375,train
3114,03114.png,2,normal,2376,train
3115,03115.png,2,normal,2377,train
3116,03116.png,2,normal,2378,train
3117,03117.png,2,normal,2379,train
3118,03118.png,2,normal,2380,train
3119,03119.png,2,normal,2381,train
3120,03120.png,2,normal,2382,test
3121,03121.png,2,normal,2383,train
3122,03122.png,2,normal,2384,train
3123,03123.png,2,normal,2385,train
3124,03124.png,2,normal,2386,train
3125,03125.png,2,normal,2387,val
3126,03126.png,2,normal,2388,val
3127,03127.png,2,normal,2389,test
3128,03128.png,2,normal,2390,train
3129,03129.png,2,normal,2391,train
3130,03130.png,2,normal,2392,train
3131,03131.png,2,normal,2393,val
3132,03132.png,2,normal,2394,val
3133,03133.png,2,normal,2395,train
3134,03134.png,2,normal,2396,test
3135,03135.png,2,normal,2397,train
3136,03136.png,2,normal,2398,train
3137,03137.png,2,normal,2399,test
3138,03138.png,2,normal,2400,train
3139,03139.png,2,normal,2401,train
3140,03140.png,2,normal,2402,train
3141,03141.png,2,normal,2403,train
3142,03142.png,2,normal,2404,train
3143,03143.png,2,normal,2405,train
3144,03144.png,2,normal,2406,val
3145,03145.png,2,normal,2407,train
3146,03146.png,2,normal,2408,train
3147,03147.png,2,normal,2409,train
3148,03148.png,2,normal,2410,train
3149,03149.png,2,normal,2411,train
3150,03150.png,2,normal,2412,train
3151,03151.png,2,normal,2413,val
3152,03152.png,2,normal,2414,train
3153,03153.png,2,normal,2415,train
3154,03154.png,2,normal,2416,test
3155,03155.png,2,normal,2417,train
3156,03156.png,2,normal,2418,test
3157,03157.png,2,normal,2419,train
3158,03158.png,2,normal,2420,train
3159,03159.png,2,normal,2421,test
3160,03160.png,2,normal,2422,train
3161,03161.png,2,normal,2423,train
3162,03162.png,2,normal,2424,train
3163,03163.png,2,normal,2425,train
3164,03164.png,2,normal,2426,test
3165,03165.png,2,normal,2427,train
3166,03166.png,2,normal,2428,train
3167,03167.png,2,normal,2429,train
3168,03168.png,2,normal,2430,train
3169,03169.png,2,normal,2431,train
3170,03170.png,2,normal,2432,train
3171,03171.png,2,normal,2433,test
3172,03172.png,2,normal,2434,train
3173,03173.png,2,normal,2435,train
3174,03174.png,2,normal,2436,train
3175,03175.png,2,normal,2437,train
3176,03176.png,2,normal,2438,train
3177,03177.png,2,normal,2439,test
3178,03178.png,2,normal,2440,test
3179,03179.png,2,normal,2441,train
3180,03180.png,2,normal,2442,train
3181,03181.png,2,normal,2443,val
3182,03182.png,2,normal,2444,train
3183,03183.png,2,normal,2445,test
3184,03184.png,2,normal,2446,train
3185,03185.png,2,normal,2447,val
3186,03186.png,2,normal,2448,train
3187,03187.png,2,normal,2449,train
3188,03188.png,2,normal,2450,train
3189,03189.png,2,normal,2451,val
3190,03190.png,2,normal,2452,test
3191,03191.png,2,normal,2453,val
3192,03192.png,2,normal,2454,train
3193,03193.png,2,normal,2455,train
3194,03194.png,2,normal,2456,test
3195,03195.png,2,normal,2457,test
3196,03196.png,2,normal,2458,test
3197,03197.png,2,normal,2459,train
3198,03198.png,2,normal,2460,train
3199,03199.png,2,normal,2461,test
3200,03200.png,2,normal,2462,train
3201,03201.png,2,normal,2463,test
3202,03202.png,2,normal,2464,train
3203,03203.png,2,normal,2465,train
3204,03204.png,2,normal,2466,train
3205,03205.png,2,normal,2467,val
3206,03206.png,2,normal,2468,train
3207,03207.png,2,normal,1979,val
3208,03208.png,2,normal,2469,train
3209,03209.png,2,normal,2470,train
3210,03210.png,2,normal,2471,train
3211,03211.png,2,normal,2472,train
3212,03212.png,2,normal,2473,train
3213,03213.png,2,normal,2474,test
3214,03214.png,2,normal,2475,train
3215,03215.png,2,normal,2476,test
3216,03216.png,2,normal,2477,train
3217,03217.png,2,normal,2478,train
3218,03218.png,2,normal,2479,train
3219,03219.png,2,normal,2480,train
3220,03220.png,2,normal,2481,train
3221,03221.png,2,normal,2482,train
3222,03222.png,2,normal,2483,train
3223,03223.png,2,normal,2484,test
3224,03224.png,2,normal,2485,val
3225,03225.png,2,normal,2486,train
3226,03226.png,2,normal,2487,train
3227,03227.png,2,normal,2488,train
3228,03228.png,2,normal,2489,train
3229,03229.png,2,normal,2490,val
3230,03230.png,2,normal,2491,test
3231,03231.png,2,normal,2492,train
3232,03232.png,2,normal,2493,train
3233,03233.png,2,normal,2494,train
3234,03234.png,2,normal,2495,train
3235,03235.png,2,normal,2496,train
3236,03236.png,2,normal,2497,val
3237,03237.png,2,normal,2498,train
3238,03238.png,2,normal,2499,val
3239,03239.png,2,normal,2500,train
3240,03240.png,2,normal,2501,test
3241,03241.png,2,normal,2502,train
3242,03242.png,2,normal,2503,train
3243,03243.png,2,normal,2504,train
3244,03244.png,2,normal,2505,train
3245,03245.png,2,normal,2506,train
3246,03246.png,2,normal,2507,val
3247,03247.png,2,normal,2508,val
3248,03248.png,2,normal,2509,train
3249,03249.png,2,normal,2510,train
3250,03250.png,2,normal,2511,train
3251,03251.png,2,normal,2512,train
3252,03252.png,2,normal,2513,val
3253,03253.png,2,normal,2514,train
3254,03254.png,2,normal,2515,test
3255,03255.png,2,normal,2516,train
3256,03256.png,2,normal,2517,val
3257,03257.png,2,normal,2518,train
3258,03258.png,2,normal,2519,val
3259,03259.png,2,normal,2520,train
3260,03260.png,2,normal,2521,train
3261,03261.png,2,normal,2206,train
3262,03262.png,2,normal,2522,test
3263,03263.png,2,normal,2523,train
3264,03264.png,2,normal,2524,test
3265,03265.png,2,normal,2525,train
3266,03266.png,2,normal,2526,train
3267,03267.png,2,normal,2527,test
3268,03268.png,2,normal,2528,train
3269,03269.png,2,normal,2529,train
3270,03270.png,2,normal,2530,train
3271,03271.png,2,normal,2531,train
3272,03272.png,2,normal,2532,test
3273,03273.png,2,normal,2533,train
3274,03274.png,2,normal,2534,train
3275,03275.png,2,normal,2535,val
3276,03276.png,2,normal,2536,test
3277,03277.png,2,normal,2537,train
3278,03278.png,2,normal,2538,val
3279,03279.png,2,normal,2539,train
3280,03280.png,2,normal,2540,val
3281,03281.png,2,normal,2541,test
3282,03282.png,2,normal,2542,train
3283,03283.png,2,normal,2543,train
3284,03284.png,2,normal,2544,train
3285,03285.png,2,normal,2545,train
3286,03286.png,2,normal,2546,train
3287,03287.png,2,normal,2547,val
3288,03288.png,2,normal,2548,val
3289,03289.png,2,normal,2549,val
3290,03290.png,2,normal,2550,train
3291,03291.png,2,normal,2551,train
3292,03292.png,2,normal,2552,train
3293,03293.png,2,normal,2553,train
3294,03294.png,2,normal,2554,val
3295,03295.png,2,normal,2555,train
3296,03296.png,2,normal,2556,val
3297,03297.png,2,normal,2557,test
3298,03298.png,2,normal,2558,train
3299,03299.png,2,normal,2559,val
3300,03300.png,2,normal,2560,val
3301,03301.png,2,normal,2561,train
3302,03302.png,2,normal,2562,train
3303,03303.png,2,normal,2563,train
3304,03304.png,2,normal,2564,test
3305,03305.png,2,normal,2565,train
3306,03306.png,2,normal,2566,val
3307,03307.png,2,normal,2567,train
3308,03308.png,2,normal,2568,train
3309,03309.png,2,normal,2569,test
3310,03310.png,2,normal,2570,train
3311,03311.png,2,normal,2571,train
3312,03312.png,2,normal,2572,train
3313,03313.png,2,normal,2573,train
3314,03314.png,2,normal,2574,train
3315,03315.png,2,normal,2575,val
3316,03316.png,2,normal,2576,test
3317,03317.png,2,normal,2577,train
3318,03318.png,2,normal,2578,train
3319,03319.png,2,normal,2579,train
3320,03320.png,2,normal,2580,test
3321,03321.png,2,normal,2581,train
3322,03322.png,2,normal,2582,train
3323,03323.png,2,normal,2583,test
3324,03324.png,2,normal,2584,val
3325,03325.png,2,normal,2585,train
3326,03326.png,2,normal,2586,train
3327,03327.png,2,normal,2587,train
3328,03328.png,2,normal,2405,train
3329,03329.png,2,normal,2588,test
3330,03330.png,2,normal,2589,train
3331,03331.png,2,normal,2590,test
3332,03332.png,2,normal,2591,train
3333,03333.png,2,normal,2592,val
3334,03334.png,2,normal,2593,train
3335,03335.png,2,normal,2594,train
3336,03336.png,2,normal,2595,train
3337,03337.png,2,normal,2596,val
3338,03338.png,2,normal,2597,train
3339,03339.png,2,normal,2598,test
3340,03340.png,2,normal,2599,val
3341,03341.png,2,normal,2600,test
3342,03342.png,2,normal,2601,train
3343,03343.png,2,normal,2602,val
3344,03344.png,2,normal,2603,train
3345,03345.png,2,normal,2604,train
3346,03346.png,2,normal,2605,train
3347,03347.png,2,normal,2606,train
3348,03348.png,2,normal,2607,train
3349,03349.png,2,normal,2608,train
3350,03350.png,2,normal,2609,train
3351,03351.png,2,normal,2610,train
3352,03352.png,2,normal,2611,train
3353,03353.png,2,normal,2612,train
3354,03354.png,2,normal,2613,val
3355,03355.png,2,normal,2614,test
3356,03356.png,2,normal,2615,val
3357,03357.png,2,normal,2616,val
3358,03358.png,2,normal,2617,train
3359,03359.png,2,normal,2618,train
3360,03360.png,2,normal,2619,train
3361,03361.png,2,normal,2620,train
3362,03362.png,2,normal,2621,train
3363,03363.png,2,normal,2622,val
3364,03364.png,2,normal,2623,val
3365,03365.png,2,normal,2624,train
3366,03366.png,2,normal,2625,val
3367,03367.png,2,normal,2626,train
3368,03368.png,2,normal,2627,train
3369,03369.png,2,normal,2628,test
3370,03370.png,2,normal,2629,train
3371,03371.png,2,normal,2630,train
3372,03372.png,2,normal,2631,train
3373,03373.png,2,normal,2632,train
3374,03374.png,2,normal,2633,test
3375,03375.png,2,normal,2634,test
3376,03376.png,2,normal,2635,val
3377,03377.png,2,normal,2636,train
3378,03378.png,2,normal,2637,train
3379,03379.png,2,normal,2638,train
3380,03380.png,2,normal,2639,train
3381,03381.png,2,normal,2640,train
3382,03382.png,2,normal,2641,test
3383,03383.png,2,normal,2642,val
3384,03384.png,2,normal,2643,train
3385,03385.png,2,normal,2644,test
3386,03386.png,2,normal,2645,test
3387,03387.png,2,normal,2646,test
3388,03388.png,2,normal,2647,train
3389,03389.png,2,normal,2648,train
3390,03390.png,2,normal,2649,train
3391,03391.png,2,normal,2650,train
3392,03392.png,2,normal,2651,train
3393,03393.png,2,normal,2652,train
3394,03394.png,2,normal,2653,train
3395,03395.png,2,normal,2654,train
3396,03396.png,2,normal,2655,train
3397,03397.png,2,normal,2656,train
3398,03398.png,2,normal,2657,test
3399,03399.png,2,normal,2658,train
3400,03400.png,2,normal,2659,train
3401,03401.png,2,normal,2660,train
3402,03402.png,2,normal,2661,train
3403,03403.png,2,normal,2662,train
3404,03404.png,2,normal,2663,train
3405,03405.png,2,normal,2664,train
3406,03406.png,2,normal,2665,train
3407,03407.png,2,normal,2666,val
3408,03408.png,2,normal,2667,train
3409,03409.png,2,normal,2668,train
3410,03410.png,2,normal,2669,train
3411,03411.png,2,normal,2670,train
3412,03412.png,2,normal,2671,train
3413,03413.png,2,normal,2672,train
3414,03414.png,2,normal,2673,train
3415,03415.png,2,normal,2674,train
3416,03416.png,2,normal,2675,test
3417,03417.png,2,normal,2676,train
3418,03418.png,2,normal,2677,train
3419,03419.png,2,normal,2678,train
3420,03420.png,2,normal,2679,train
3421,03421.png,2,normal,2680,train
3422,03422.png,2,normal,2681,train
3423,03423.png,2,normal,2682,train
3424,03424.png,2,normal,2683,train
3425,03425.png,2,normal,2684,val
3426,03426.png,2,normal,2685,train
3427,03427.png,2,normal,2686,train
3428,03428.png,2,normal,2687,train
3429,03429.png,2,normal,2688,train
3430,03430.png,2,normal,2689,train
3431,03431.png,2,normal,2690,train
3432,03432.png,2,normal,2691,train
3433,03433.png,2,normal,2692,train
3434,03434.png,2,normal,2693,train
3435,03435.png,2,normal,2694,train
3436,03436.png,2,normal,2695,train
3437,03437.png,2,normal,2696,train
3438,03438.png,2,normal,2697,train
3439,03439.png,2,normal,2698,train
3440,03440.png,2,normal,2699,val
3441,03441.png,2,normal,2700,train
3442,03442.png,2,normal,2701,test
3443,03443.png,2,normal,2702,val
3444,03444.png,2,normal,2703,train
3445,03445.png,2,normal,2704,val
3446,03446.png,2,normal,2705,train
3447,03447.png,2,normal,2706,test
3448,03448.png,2,normal,2707,train
3449,03449.png,2,normal,2708,train
3450,03450.png,2,normal,2709,train
3451,03451.png,2,normal,2710,train
3452,03452.png,2,normal,2711,train
3453,03453.png,2,normal,2712,train
3454,03454.png,2,normal,2713,test
3455,03455.png,2,normal,2714,train
3456,03456.png,2,normal,2715,test
3457,03457.png,2,normal,2716,train
3458,03458.png,2,normal,2717,train
3459,03459.png,2,normal,2718,train
3460,03460.png,2,normal,2719,train
3461,03461.png,2,normal,2720,train
3462,03462.png,2,normal,2721,train
3463,03463.png,2,normal,2722,train
3464,03464.png,2,normal,2723,train
3465,03465.png,2,normal,2724,train
3466,03466.png,2,normal,2725,train
3467,03467.png,2,normal,2726,train
3468,03468.png,2,normal,2727,train
3469,03469.png,2,normal,2728,train
3470,03470.png,2,normal,2729,val
3471,03471.png,2,normal,2730,train
3472,03472.png,2,normal,2731,test
3473,03473.png,2,normal,2732,train
3474,03474.png,2,normal,2733,test
3475,03475.png,2,normal,2734,train
3476,03476.png,2,normal,2735,train
3477,03477.png,2,normal,2736,train
3478,03478.png,2,normal,2737,train
3479,03479.png,2,normal,2738,train
3480,03480.png,2,normal,2739,test
3481,03481.png,2,normal,2740,val
3482,03482.png,2,normal,2741,train
3483,03483.png,2,normal,2742,val
3484,03484.png,2,normal,2743,train
3485,03485.png,2,normal,2744,train
3486,03486.png,2,normal,2745,train
3487,03487.png,2,normal,2746,train
3488,03488.png,2,normal,2747,val
3489,03489.png,2,normal,2748,val
3490,03490.png,2,normal,2749,train
3491,03491.png,2,normal,2750,train
3492,03492.png,2,normal,2751,val
3493,03493.png,2,normal,2752,test
3494,03494.png,2,normal,2753,val
3495,03495.png,2,normal,2754,train
3496,03496.png,2,normal,2755,train
3497,03497.png,2,normal,2756,train
3498,03498.png,2,normal,2757,train
3499,03499.png,2,normal,2758,train
3500,03500.png,2,normal,2759,train
3501,03501.png,2,normal,2760,train
3502,03502.png,2,normal,2761,val
3503,03503.png,2,normal,2762,train
3504,03504.png,2,normal,2763,train
3505,03505.png,2,normal,2764,train
3506,03506.png,2,normal,2765,val
3507,03507.png,2,normal,2766,train
3508,03508.png,2,normal,2767,train
3509,03509.png,2,normal,2768,train
3510,03510.png,2,normal,2769,train
3511,03511.png,2,normal,2770,train
3512,03512.png,2,normal,2771,train
3513,03513.png,2,normal,2772,train
3514,03514.png,2,normal,2773,train
3515,03515.png,2,normal,2774,train
3516,03516.png,2,normal,2775,val
3517,03517.png,2,normal,2776,train
3518,03518.png,2,normal,2777,train
3519,03519.png,2,normal,2778,val
3520,03520.png,2,normal,2619,train
3521,03521.png,2,normal,2779,train
3522,03522.png,2,normal,2780,test
3523,03523.png,2,normal,2781,train
3524,03524.png,2,normal,2782,train
3525,03525.png,2,normal,2783,val
3526,03526.png,2,normal,2784,val
3527,03527.png,2,normal,2785,train
3528,03528.png,2,normal,2786,test
3529,03529.png,2,normal,2787,train
3530,03530.png,2,normal,2788,test
3531,03531.png,2,normal,2789,train
3532,03532.png,2,normal,2790,train
3533,03533.png,2,normal,2791,val
3534,03534.png,2,normal,2792,test
3535,03535.png,2,normal,2793,test
3536,03536.png,2,normal,2794,train
3537,03537.png,2,normal,2795,train
3538,03538.png,2,normal,2796,train
3539,03539.png,2,normal,2797,train
3540,03540.png,2,normal,2798,train
3541,03541.png,2,normal,2799,test
3542,03542.png,2,normal,2800,train
3543,03543.png,2,normal,2801,train
3544,03544.png,2,normal,2802,train
3545,03545.png,2,normal,2803,train
3546,03546.png,2,normal,2804,train
3547,03547.png,2,normal,2805,train
3548,03548.png,2,normal,2806,train
3549,03549.png,2,normal,2807,val
3550,03550.png,2,normal,2808,val
3551,03551.png,2,normal,2809,train
3552,03552.png,2,normal,2810,test
3553,03553.png,2,normal,2811,train
3554,03554.png,2,normal,2812,train
3555,03555.png,2,normal,2813,val
3556,03556.png,2,normal,2814,train
3557,03557.png,2,normal,2815,train
3558,03558.png,2,normal,2816,train
3559,03559.png,2,normal,2817,train
3560,03560.png,2,normal,2818,train
3561,03561.png,2,normal,2819,train
3562,03562.png,2,normal,2820,train
3563,03563.png,2,normal,2821,train
3564,03564.png,2,normal,2822,val
3565,03565.png,2,normal,2823,train
3566,03566.png,2,normal,2824,train
3567,03567.png,2,normal,2825,train
3568,03568.png,2,normal,2826,test
3569,03569.png,2,normal,2827,train
3570,03570.png,2,normal,2828,train
3571,03571.png,2,normal,2829,val
3572,03572.png,2,normal,2830,train
3573,03573.png,2,normal,2831,train
3574,03574.png,2,normal,2832,val
3575,03575.png,2,normal,2833,train
3576,03576.png,2,normal,2834,train
3577,03577.png,2,normal,2835,train
3578,03578.png,2,normal,2836,train
3579,03579.png,2,normal,2837,val
3580,03580.png,2,normal,2838,train
3581,03581.png,2,normal,2839,test
3582,03582.png,2,normal,2840,train
3583,03583.png,2,normal,2841,val
3584,03584.png,2,normal,2842,train
3585,03585.png,2,normal,2843,train
3586,03586.png,2,normal,2844,test
3587,03587.png,2,normal,2845,val
3588,03588.png,2,normal,2846,train
3589,03589.png,2,normal,2847,val
3590,03590.png,2,normal,2848,train
3591,03591.png,2,normal,2849,train
3592,03592.png,2,normal,2850,train
3593,03593.png,2,normal,2851,train
3594,03594.png,2,normal,2852,train
3595,03595.png,2,normal,2853,train
3596,03596.png,2,normal,2854,train
3597,03597.png,2,normal,2855,test
3598,03598.png,2,normal,2856,val
3599,03599.png,2,normal,2857,test
3600,03600.png,2,normal,2384,train
3601,03601.png,2,normal,2858,val
3602,03602.png,2,normal,2859,train
3603,03603.png,2,normal,2860,val
3604,03604.png,2,normal,2861,train
3605,03605.png,2,normal,2862,train
3606,03606.png,2,normal,2863,train
3607,03607.png,2,normal,2864,val
3608,03608.png,2,normal,2865,val
3609,03609.png,2,normal,2866,train
3610,03610.png,2,normal,2867,test
3611,03611.png,2,normal,2868,train
3612,03612.png,2,normal,2869,train
3613,03613.png,2,normal,2870,test
3614,03614.png,2,normal,2871,train
3615,03615.png,2,normal,2872,train
3616,03616.png,2,normal,2873,train
3617,03617.png,2,normal,2874,train
3618,03618.png,2,normal,2875,train
3619,03619.png,2,normal,2876,train
3620,03620.png,2,normal,2877,train
3621,03621.png,2,normal,2098,train
3622,03622.png,2,normal,2878,val
3623,03623.png,2,normal,2879,train
3624,03624.png,2,normal,2880,train
3625,03625.png,2,normal,2881,train
3626,03626.png,2,normal,2882,train
3627,03627.png,2,normal,2883,train
3628,03628.png,2,normal,2884,val
3629,03629.png,2,normal,2885,train
3630,03630.png,2,normal,2886,val
3631,03631.png,2,normal,2887,train
3632,03632.png,2,normal,2888,train
3633,03633.png,2,normal,2889,test
3634,03634.png,2,normal,2890,train
3635,03635.png,2,normal,2891,train
3636,03636.png,2,normal,2892,train
3637,03637.png,2,normal,2893,train
3638,03638.png,2,normal,2894,train
3639,03639.png,2,normal,2895,train
3640,03640.png,2,normal,2896,train
3641,03641.png,2,normal,2897,train
3642,03642.png,2,normal,2898,train
3643,03643.png,2,normal,2899,train
3644,03644.png,2,normal,2900,train
3645,03645.png,2,normal,2901,train
3646,03646.png,2,normal,2902,val
3647,03647.png,2,normal,2903,val
3648,03648.png,2,normal,2904,test
3649,03649.png,2,normal,2905,train
3650,03650.png,2,normal,2906,train
3651,03651.png,2,normal,2907,train
3652,03652.png,2,normal,2908,val
3653,03653.png,2,normal,2909,train
3654,03654.png,2,normal,2910,train
3655,03655.png,2,normal,2911,train
3656,03656.png,2,normal,2912,test
3657,03657.png,2,normal,2913,train
3658,03658.png,2,normal,2914,train
3659,03659.png,2,normal,2915,train
3660,03660.png,2,normal,2916,train
3661,03661.png,2,normal,2917,train
3662,03662.png,2,normal,2918,val
3663,03663.png,2,normal,2919,train
3664,03664.png,2,normal,2920,train
3665,03665.png,2,normal,2921,train
3666,03666.png,2,normal,2922,val
3667,03667.png,2,normal,2923,train
3668,03668.png,2,normal,2924,train
3669,03669.png,2,normal,2925,train
3670,03670.png,2,normal,2926,train
3671,03671.png,2,normal,2927,test
3672,03672.png,2,normal,2928,test
3673,03673.png,2,normal,2929,train
3674,03674.png,2,normal,2930,train
3675,03675.png,2,normal,2931,train
3676,03676.png,2,normal,2932,train
3677,03677.png,2,normal,2933,train
3678,03678.png,2,normal,2934,train
3679,03679.png,2,normal,2277,val
3680,03680.png,2,normal,2935,val
3681,03681.png,2,normal,2936,train
3682,03682.png,2,normal,2937,train
3683,03683.png,2,normal,2938,train
3684,03684.png,2,normal,2939,val
3685,03685.png,2,normal,2940,train
3686,03686.png,2,normal,2941,train
3687,03687.png,2,normal,2942,train
3688,03688.png,2,normal,2943,train
3689,03689.png,2,normal,2944,train
3690,03690.png,2,normal,2945,train
3691,03691.png,2,normal,2946,test
3692,03692.png,2,normal,2947,train
3693,03693.png,2,normal,2948,train
3694,03694.png,2,normal,2949,train
3695,03695.png,2,normal,2950,train
3696,03696.png,2,normal,2951,train
3697,03697.png,2,normal,2952,test
3698,03698.png,2,normal,2953,train
3699,03699.png,2,normal,2954,train
3700,03700.png,2,normal,2955,train
3701,03701.png,2,normal,2956,train
3702,03702.png,2,normal,2957,test
3703,03703.png,2,normal,2958,train
3704,03704.png,2,normal,2959,train
3705,03705.png,2,normal,2960,train
3706,03706.png,2,normal,2961,train
3707,03707.png,2,normal,2962,test
3708,03708.png,2,normal,2963,val
3709,03709.png,2,normal,2964,train
3710,03710.png,2,normal,2965,val
3711,03711.png,2,normal,2966,val
3712,03712.png,2,normal,2967,train
3713,03713.png,2,normal,2968,val
3714,03714.png,2,normal,2969,train
3715,03715.png,2,normal,2970,test
3716,03716.png,2,normal,2971,val
3717,03717.png,2,normal,2972,train
3718,03718.png,2,normal,2973,train
3719,03719.png,2,normal,2974,train
3720,03720.png,2,normal,2975,test
3721,03721.png,2,normal,2976,val
3722,03722.png,2,normal,2977,train
3723,03723.png,2,normal,2978,train
3724,03724.png,2,normal,2979,train
3725,03725.png,2,normal,2980,test
3726,03726.png,2,normal,2981,train
3727,03727.png,2,normal,2982,train
3728,03728.png,2,normal,2983,train
3729,03729.png,2,normal,2984,train
3730,03730.png,2,normal,2985,train
3731,03731.png,2,normal,2986,train
3732,03732.png,2,normal,2987,val
3733,03733.png,2,normal,2988,train
3734,03734.png,2,normal,2989,train
3735,03735.png,2,normal,2990,train
3736,03736.png,2,normal,2991,train
3737,03737.png,2,normal,2992,train
3738,03738.png,2,normal,2993,train
3739,03739.png,2,normal,2994,train
3740,03740.png,2,normal,2995,train
3741,03741.png,2,normal,2996,val
3742,03742.png,2,normal,2997,train
3743,03743.png,2,normal,2998,test
3744,03744.png,2,normal,2999,train
3745,03745.png,2,normal,3000,train
3746,03746.png,2,normal,3001,val
3747,03747.png,2,normal,3002,train
3748,03748.png,2,normal,3003,test
3749,03749.png,2,normal,3004,val
3750,03750.png,2,normal,3005,val
3751,03751.png,2,normal,3006,train
3752,03752.png,2,normal,3007,train
3753,03753.png,2,normal,3008,train
3754,03754.png,2,normal,3009,test
3755,03755.png,2,normal,3010,test
3756,03756.png,2,normal,3011,val
3757,03757.png,2,normal,3012,train
3758,03758.png,2,normal,3013,train
3759,03759.png,2,normal,3014,val
3760,03760.png,2,normal,3015,train
3761,03761.png,2,normal,3016,test
3762,03762.png,2,normal,3017,val
3763,03763.png,2,normal,3018,train
3764,03764.png,2,normal,2547,val
3765,03765.png,2,normal,3019,train
3766,03766.png,2,normal,3020,val
3767,03767.png,2,normal,3021,train
3768,03768.png,2,normal,3022,train
3769,03769.png,2,normal,3023,train
3770,03770.png,2,normal,3024,train
3771,03771.png,2,normal,3025,train
3772,03772.png,2,normal,3026,train
3773,03773.png,2,normal,3027,train
3774,03774.png,2,normal,3028,test
3775,03775.png,2,normal,3029,train
3776,03776.png,2,normal,3030,val
3777,03777.png,2,normal,3031,train
3778,03778.png,2,normal,3032,test
3779,03779.png,2,normal,3033,train
3780,03780.png,2,normal,3034,train
3781,03781.png,2,normal,3035,train
3782,03782.png,2,normal,3036,val
3783,03783.png,2,normal,3037,val
3784,03784.png,2,normal,3038,train
3785,03785.png,2,normal,3039,train
3786,03786.png,2,normal,3040,train
3787,03787.png,2,normal,3041,train
3788,03788.png,2,normal,3042,train
3789,03789.png,2,normal,3043,train
3790,03790.png,2,normal,2208,train
3791,03791.png,2,normal,3044,train
3792,03792.png,2,normal,3045,test
3793,03793.png,2,normal,3046,train
3794,03794.png,2,normal,3047,test
3795,03795.png,2,normal,3048,train
3796,03796.png,2,normal,3049,val
3797,03797.png,2,normal,3050,train
3798,03798.png,2,normal,3051,test
3799,03799.png,2,normal,3052,train
3800,03800.png,2,normal,3053,train
3801,03801.png,2,normal,3054,train
3802,03802.png,2,normal,3055,test
3803,03803.png,2,normal,3056,train
3804,03804.png,2,normal,3057,train
3805,03805.png,2,normal,3058,test
3806,03806.png,2,normal,3059,train
3807,03807.png,2,normal,3060,val
3808,03808.png,2,normal,3061,train
3809,03809.png,2,normal,3062,val
3810,03810.png,2,normal,3063,train
3811,03811.png,2,normal,3064,train
3812,03812.png,2,normal,3065,train
3813,03813.png,2,normal,3066,test
3814,03814.png,2,normal,3067,train
3815,03815.png,2,normal,3068,train
3816,03816.png,2,normal,3069,train
3817,03817.png,2,normal,3070,train
3818,03818.png,2,normal,3071,val
3819,03819.png,2,normal,3072,train
3820,03820.png,2,normal,3073,train
3821,03821.png,2,normal,3074,train
3822,03822.png,2,normal,3075,test
3823,03823.png,2,normal,3076,train
3824,03824.png,2,normal,3077,train
3825,03825.png,2,normal,3078,train
3826,03826.png,2,normal,3079,train
3827,03827.png,2,normal,3080,test
3828,03828.png,2,normal,3081,train
3829,03829.png,2,normal,3082,train
3830,03830.png,2,normal,3083,test
3831,03831.png,2,normal,3084,train
3832,03832.png,2,normal,3085,test
3833,03833.png,2,normal,3086,train
3834,03834.png,2,normal,3087,train
3835,03835.png,2,normal,3088,train
3836,03836.png,2,normal,3089,val
3837,03837.png,2,normal,3090,val
3838,03838.png,2,normal,3091,train
3839,03839.png,2,normal,3092,train
3840,03840.png,2,normal,3093,train
3841,03841.png,2,normal,3094,train
3842,03842.png,2,normal,3095,val
3843,03843.png,2,normal,3096,train
3844,03844.png,2,normal,3097,train
3845,03845.png,2,normal,3098,train
3846,03846.png,2,normal,3099,train
3847,03847.png,2,normal,3100,train
3848,03848.png,2,normal,3101,train
3849,03849.png,2,normal,3102,train
3850,03850.png,2,normal,3103,test
3851,03851.png,2,normal,3104,train
3852,03852.png,2,normal,3105,train
3853,03853.png,2,normal,3106,test
3854,03854.png,2,normal,3107,train
3855,03855.png,2,normal,3108,val
3856,03856.png,2,normal,3109,train
3857,03857.png,2,normal,3110,train
3858,03858.png,2,normal,3111,train
3859,03859.png,2,normal,3112,train
3860,03860.png,2,normal,3113,train
3861,03861.png,2,normal,3114,train
3862,03862.png,2,normal,3115,train
3863,03863.png,2,normal,3116,train
3864,03864.png,2,normal,3117,train
3865,03865.png,2,normal,3118,train
3866,03866.png,2,normal,3119,train
3867,03867.png,2,normal,3120,train
3868,03868.png,2,normal,3121,train
3869,03869.png,2,normal,3122,train
3870,03870.png,2,normal,3123,train
3871,03871.png,2,normal,3124,train
3872,03872.png,2,normal,3125,train
3873,03873.png,2,normal,3126,test
3874,03874.png,2,normal,3127,train
3875,03875.png,2,normal,3128,train
3876,03876.png,2,normal,3129,train
3877,03877.png,2,normal,3130,train
3878,03878.png,2,normal,3131,test
3879,03879.png,2,normal,3132,train
3880,03880.png,2,normal,3133,test
3881,03881.png,2,normal,3134,train
3882,03882.png,2,normal,3135,test
3883,03883.png,2,normal,3136,train
3884,03884.png,2,normal,3137,train
3885,03885.png,2,normal,3138,test
3886,03886.png,2,normal,3139,train
3887,03887.png,2,normal,3140,train
3888,03888.png,2,normal,3141,val
3889,03889.png,2,normal,3142,test
3890,03890.png,2,normal,3143,train
3891,03891.png,2,normal,3144,train
3892,03892.png,2,normal,3145,train
3893,03893.png,2,normal,3146,train
3894,03894.png,2,normal,3147,train
3895,03895.png,2,normal,3148,train
3896,03896.png,2,normal,3149,test
3897,03897.png,2,normal,3150,train
3898,03898.png,2,normal,3151,train
3899,03899.png,2,normal,3152,train
3900,03900.png,2,normal,3153,train
3901,03901.png,2,normal,3154,test
3902,03902.png,2,normal,3155,test
3903,03903.png,2,normal,3156,train
3904,03904.png,2,normal,3157,train
3905,03905.png,2,normal,3158,train
3906,03906.png,2,normal,3159,train
3907,03907.png,2,normal,3160,train
3908,03908.png,2,normal,3161,test
3909,03909.png,2,normal,3162,train
3910,03910.png,2,normal,3163,train
3911,03911.png,2,normal,3164,train
3912,03912.png,2,normal,3165,train
3913,03913.png,2,normal,3166,train
3914,03914.png,2,normal,3167,train
3915,03915.png,2,normal,3168,train
3916,03916.png,2,normal,3169,val
3917,03917.png,2,normal,3170,train
3918,03918.png,2,normal,3171,train
3919,03919.png,2,normal,3172,train
3920,03920.png,2,normal,2186,train
3921,03921.png,2,normal,3173,test
3922,03922.png,2,normal,3174,train
3923,03923.png,2,normal,3175,val
3924,03924.png,2,normal,3176,val
3925,03925.png,2,normal,3177,train
3926,03926.png,2,normal,3178,train
3927,03927.png,2,normal,3179,val
3928,03928.png,2,normal,3180,train
3929,03929.png,2,normal,3181,test
3930,03930.png,2,normal,3182,train
3931,03931.png,2,normal,3183,train
3932,03932.png,2,normal,3184,test
3933,03933.png,2,normal,3185,test
3934,03934.png,2,normal,3186,train
3935,03935.png,2,normal,3187,train
3936,03936.png,2,normal,3188,test
3937,03937.png,2,normal,3189,test
3938,03938.png,2,normal,3190,train
3939,03939.png,2,normal,3191,test
3940,03940.png,2,normal,3192,train
3941,03941.png,2,normal,3193,train
3942,03942.png,2,normal,3194,train
3943,03943.png,2,normal,3195,test
3944,03944.png,2,normal,3196,train
3945,03945.png,2,normal,3197,train
3946,03946.png,2,normal,3198,val
3947,03947.png,2,normal,3199,val
3948,03948.png,2,normal,3200,train
3949,03949.png,2,normal,3201,test
3950,03950.png,2,normal,3202,test
3951,03951.png,2,normal,3203,train
3952,03952.png,2,normal,3204,train
3953,03953.png,2,normal,3205,train
3954,03954.png,2,normal,3206,train
3955,03955.png,2,normal,3207,train
3956,03956.png,2,normal,3208,train
3957,03957.png,2,normal,3209,train
3958,03958.png,2,normal,3210,train
3959,03959.png,2,normal,3211,train
3960,03960.png,2,normal,3212,train
3961,03961.png,2,normal,3213,train
3962,03962.png,2,normal,3214,train
3963,03963.png,2,normal,3215,train
3964,03964.png,2,normal,3216,test
3965,03965.png,2,normal,3217,train
3966,03966.png,2,normal,3218,train
3967,03967.png,2,normal,3219,val
3968,03968.png,2,normal,3220,train
3969,03969.png,2,normal,3221,val
3970,03970.png,2,normal,3222,train
3971,03971.png,2,normal,3223,train
3972,03972.png,2,normal,3224,train
3973,03973.png,2,normal,3225,val
3974,03974.png,2,normal,3226,train
3975,03975.png,2,normal,3227,train
3976,03976.png,2,normal,3228,train
3977,03977.png,2,normal,3229,train
3978,03978.png,2,normal,3230,train
3979,03979.png,2,normal,3231,val
3980,03980.png,2,normal,3232,train
3981,03981.png,2,normal,3233,train
3982,03982.png,2,normal,3234,train
3983,03983.png,2,normal,3235,train
3984,03984.png,2,normal,3236,train
3985,03985.png,2,normal,3183,train
3986,03986.png,2,normal,3237,train
3987,03987.png,2,normal,3238,train
3988,03988.png,2,normal,3239,train
3989,03989.png,2,normal,3240,train
3990,03990.png,2,normal,3241,test
3991,03991.png,2,normal,3242,train
3992,03992.png,2,normal,1962,train
3993,03993.png,2,normal,3243,train
3994,03994.png,2,normal,3244,train
3995,03995.png,2,normal,3245,train
3996,03996.png,2,normal,3246,val
3997,03997.png,2,normal,3247,val
3998,03998.png,2,normal,3248,test
3999,03999.png,2,normal,3249,test
4000,04000.png,2,normal,3250,train
4001,04001.png,2,normal,3251,train
4002,04002.png,2,normal,3252,train
4003,04003.png,2,normal,3253,val
4004,04004.png,2,normal,3254,train
4005,04005.png,2,normal,3255,train
4006,04006.png,2,normal,3256,train
4007,04007.png,2,normal,3257,test
4008,04008.png,2,normal,3258,val
4009,04009.png,2,normal,3259,val
4010,04010.png,2,normal,3260,train
4011,04011.png,2,normal,3261,train
4012,04012.png,2,normal,3262,train
4013,04013.png,2,normal,3263,test
4014,04014.png,2,normal,3264,train
4015,04015.png,2,normal,3265,train
4016,04016.png,2,normal,3266,train
4017,04017.png,2,normal,3267,train
4018,04018.png,2,normal,3268,train
4019,04019.png,2,normal,3269,train
4020,04020.png,2,normal,3270,train
4021,04021.png,2,normal,3271,train
4022,04022.png,2,normal,3272,train
4023,04023.png,2,normal,3273,train
4024,04024.png,2,normal,3274,val
4025,04025.png,2,normal,3275,train
4026,04026.png,2,normal,3276,train
4027,04027.png,2,normal,3277,train
4028,04028.png,2,normal,3278,train
4029,04029.png,2,normal,3279,train
4030,04030.png,2,normal,3280,train
4031,04031.png,2,normal,3281,train
4032,04032.png,2,normal,3282,val
4033,04033.png,2,normal,3283,train
4034,04034.png,2,normal,3284,test
4035,04035.png,2,normal,3285,val
4036,04036.png,2,normal,3286,test
4037,04037.png,2,normal,3287,train
4038,04038.png,2,normal,3288,train
4039,04039.png,2,normal,3289,train
4040,04040.png,2,normal,3290,train
4041,04041.png,2,normal,3291,train
4042,04042.png,2,normal,3292,test
4043,04043.png,2,normal,3293,train
4044,04044.png,2,normal,3294,train
4045,04045.png,2,normal,3295,train
4046,04046.png,2,normal,3296,train
4047,04047.png,2,normal,3297,train
4048,04048.png,2,normal,3298,train
4049,04049.png,2,normal,3299,train
4050,04050.png,2,normal,3300,test
4051,04051.png,2,normal,3301,train
4052,04052.png,2,normal,3302,train
4053,04053.png,2,normal,3303,train
4054,04054.png,2,normal,3304,train
4055,04055.png,2,normal,3305,train
4056,04056.png,2,normal,3306,train
4057,04057.png,2,normal,3307,val
4058,04058.png,2,normal,3308,train
4059,04059.png,2,normal,3309,train
4060,04060.png,2,normal,3310,test
4061,04061.png,2,normal,3311,test
4062,04062.png,2,normal,3312,train
4063,04063.png,2,normal,3313,val
4064,04064.png,2,normal,3314,train
4065,04065.png,2,normal,3315,train
4066,04066.png,2,normal,3316,train
4067,04067.png,2,normal,3317,train
4068,04068.png,2,normal,3318,test
4069,04069.png,2,normal,3319,train
4070,04070.png,2,normal,3320,train
4071,04071.png,2,normal,3321,train
4072,04072.png,2,normal,3322,train
4073,04073.png,2,normal,3323,val
4074,04074.png,2,normal,3324,train
4075,04075.png,2,normal,3325,train
4076,04076.png,2,normal,3326,train
4077,04077.png,2,normal,3327,train
4078,04078.png,2,normal,3328,train
4079,04079.png,2,normal,3329,train
4080,04080.png,2,normal,3330,test
4081,04081.png,2,normal,3331,train
4082,04082.png,2,normal,3332,train
4083,04083.png,2,normal,3333,test
4084,04084.png,2,normal,3334,train
4085,04085.png,2,normal,3335,val
4086,04086.png,2,normal,3336,val
4087,04087.png,2,normal,3337,train
4088,04088.png,2,normal,3338,train
4089,04089.png,2,normal,3339,val
4090,04090.png,2,normal,3340,train
4091,04091.png,2,normal,3341,train
4092,04092.png,2,normal,3342,train
4093,04093.png,2,normal,3343,test
4094,04094.png,2,normal,3344,train
4095,04095.png,2,normal,3345,train
4096,04096.png,2,normal,3346,train
4097,04097.png,2,normal,3347,test
4098,04098.png,2,normal,3348,val
4099,04099.png,2,normal,3349,train
4100,04100.png,2,normal,3350,train
4101,04101.png,2,normal,3351,train
4102,04102.png,2,normal,3352,train
4103,04103.png,2,normal,2599,val
4104,04104.png,2,normal,3353,val
4105,04105.png,2,normal,3354,train
4106,04106.png,2,normal,3355,train
4107,04107.png,2,normal,3356,test
4108,04108.png,2,normal,3357,test
4109,04109.png,2,normal,3358,val
4110,04110.png,2,normal,3359,train
4111,04111.png,2,normal,3360,train
4112,04112.png,2,normal,3361,train
4113,04113.png,2,normal,3362,train
4114,04114.png,2,normal,3363,val
4115,04115.png,2,normal,3364,test
4116,04116.png,2,normal,3365,train
4117,04117.png,2,normal,3366,train
4118,04118.png,2,normal,3367,test
4119,04119.png,2,normal,3368,val
4120,04120.png,2,normal,3369,test
4121,04121.png,2,normal,3370,train
4122,04122.png,2,normal,3371,train
4123,04123.png,2,normal,3372,train
4124,04124.png,2,normal,3373,test
4125,04125.png,2,normal,3374,train
4126,04126.png,2,normal,3375,train
4127,04127.png,2,normal,3376,test
4128,04128.png,2,normal,3377,train
4129,04129.png,2,normal,3378,train
4130,04130.png,2,normal,3379,train
4131,04131.png,2,normal,3380,train
4132,04132.png,2,normal,3381,train
4133,04133.png,2,normal,3382,train
4134,04134.png,2,normal,3383,train
4135,04135.png,2,normal,3384,val
4136,04136.png,2,normal,3385,val
4137,04137.png,2,normal,3386,train
4138,04138.png,2,normal,3387,val
4139,04139.png,2,normal,3388,train
4140,04140.png,2,normal,3389,train
4141,04141.png,2,normal,3390,train
4142,04142.png,2,normal,3391,test
4143,04143.png,2,normal,3392,train
4144,04144.png,2,normal,3393,train
4145,04145.png,2,normal,3394,train
4146,04146.png,2,normal,3395,train
4147,04147.png,2,normal,3396,train
4148,04148.png,2,normal,3397,val
4149,04149.png,2,normal,3398,test
4150,04150.png,2,normal,3399,train
4151,04151.png,2,normal,3400,train
4152,04152.png,2,normal,3401,train
4153,04153.png,2,normal,3402,train
4154,04154.png,2,normal,3403,train
4155,04155.png,2,normal,3404,train
4156,04156.png,2,normal,3405,train
4157,04157.png,2,normal,3406,test
4158,04158.png,2,normal,3407,train
4159,04159.png,2,normal,3408,test
4160,04160.png,2,normal,3409,train
4161,04161.png,2,normal,3410,train
4162,04162.png,2,normal,3411,train
4163,04163.png,2,normal,3412,test
4164,04164.png,2,normal,3413,train
4165,04165.png,2,normal,3414,train
4166,04166.png,2,normal,3415,train
4167,04167.png,2,normal,3416,val
4168,04168.png,2,normal,3417,val
4169,04169.png,2,normal,3418,train
4170,04170.png,2,normal,3419,train
4171,04171.png,2,normal,3420,train
4172,04172.png,2,normal,3421,test
4173,04173.png,2,normal,3422,val
4174,04174.png,2,normal,3423,val
4175,04175.png,2,normal,3424,val
4176,04176.png,2,normal,3425,train
4177,04177.png,2,normal,3426,train
4178,04178.png,2,normal,3427,train
4179,04179.png,2,normal,2820,train
4180,04180.png,2,normal,3428,train
4181,04181.png,2,normal,3429,train
4182,04182.png,2,normal,3430,train
4183,04183.png,2,normal,3431,test
4184,04184.png,2,normal,3432,train
4185,04185.png,2,normal,3433,train
4186,04186.png,2,normal,3434,train
4187,04187.png,2,normal,3435,train
4188,04188.png,2,normal,3436,test
4189,04189.png,2,normal,3437,train
4190,04190.png,2,normal,2957,test
4191,04191.png,2,normal,3438,train
4192,04192.png,2,normal,3439,train
4193,04193.png,2,normal,3440,test
4194,04194.png,2,normal,3441,train
4195,04195.png,2,normal,3442,train
4196,04196.png,2,normal,3443,val
4197,04197.png,2,normal,3444,train
4198,04198.png,2,normal,3445,train
4199,04199.png,2,normal,3446,train
4200,04200.png,2,normal,3447,train
4201,04201.png,2,normal,3448,test
4202,04202.png,2,normal,3449,val
4203,04203.png,2,normal,3450,val
4204,04204.png,2,normal,3451,train
4205,04205.png,2,normal,3452,train
4206,04206.png,2,normal,3453,train
4207,04207.png,2,normal,3454,train
4208,04208.png,2,normal,3455,train
4209,04209.png,2,normal,3456,val
4210,04210.png,2,normal,3457,train
4211,04211.png,2,normal,3458,train
4212,04212.png,2,normal,3459,train
4213,04213.png,2,normal,3460,train
4214,04214.png,2,normal,3461,train
4215,04215.png,2,normal,3462,train
4216,04216.png,2,normal,3463,test
4217,04217.png,2,normal,3464,test
4218,04218.png,2,normal,3465,train
4219,04219.png,2,normal,3466,val
4220,04220.png,2,normal,3467,train
4221,04221.png,2,normal,3468,test
4222,04222.png,2,normal,3469,test
4223,04223.png,2,normal,3470,train
4224,04224.png,2,normal,3471,train
4225,04225.png,2,normal,3472,train
4226,04226.png,2,normal,3473,train
4227,04227.png,2,normal,3474,train
4228,04228.png,2,normal,3475,train
4229,04229.png,2,normal,3476,train
4230,04230.png,2,normal,3477,train
4231,04231.png,2,normal,3478,train
4232,04232.png,2,normal,3479,val
4233,04233.png,2,normal,3480,val
4234,04234.png,2,normal,3481,test
4235,04235.png,2,normal,3482,test
4236,04236.png,2,normal,3483,train
4237,04237.png,2,normal,3484,train
4238,04238.png,2,normal,3485,train
4239,04239.png,2,normal,3486,train
4240,04240.png,2,normal,2152,val
4241,04241.png,2,normal,3487,train
4242,04242.png,2,normal,3488,train
4243,04243.png,2,normal,3489,test
4244,04244.png,2,normal,3490,train
4245,04245.png,2,normal,3491,train
4246,04246.png,2,normal,3492,val
4247,04247.png,2,normal,3493,train
4248,04248.png,2,normal,3494,train
4249,04249.png,2,normal,3495,train
4250,04250.png,2,normal,3496,train
4251,04251.png,2,normal,3497,test
4252,04252.png,2,normal,3498,train
4253,04253.png,2,normal,3499,train
4254,04254.png,2,normal,3500,train
4255,04255.png,2,normal,3501,val
4256,04256.png,2,normal,3502,train
4257,04257.png,2,normal,3503,train
4258,04258.png,2,normal,3504,train
4259,04259.png,2,normal,3505,train
4260,04260.png,2,normal,3506,train
4261,04261.png,2,normal,3507,val
4262,04262.png,2,normal,3508,train
4263,04263.png,2,normal,3509,train
4264,04264.png,2,normal,3510,train
4265,04265.png,2,normal,3511,train
4266,04266.png,2,normal,3512,train
4267,04267.png,2,normal,3513,train
4268,04268.png,2,normal,3514,train
4269,04269.png,2,normal,3515,train
4270,04270.png,2,normal,3516,test
4271,04271.png,2,normal,3517,val
4272,04272.png,2,normal,3518,train
4273,04273.png,2,normal,3519,val
4274,04274.png,2,normal,3520,train
4275,04275.png,2,normal,3521,test
4276,04276.png,2,normal,3522,train
4277,04277.png,2,normal,3523,train
4278,04278.png,2,normal,3524,train
4279,04279.png,2,normal,3525,train
4280,04280.png,2,normal,3526,train
4281,04281.png,2,normal,3392,train
4282,04282.png,2,normal,3527,val
4283,04283.png,2,normal,3528,train
4284,04284.png,2,normal,3529,train
4285,04285.png,2,normal,3530,train
4286,04286.png,2,normal,3531,train
4287,04287.png,2,normal,3532,train
4288,04288.png,2,normal,3533,val
4289,04289.png,2,normal,3534,val
4290,04290.png,2,normal,3535,train
4291,04291.png,2,normal,3536,val
4292,04292.png,2,normal,3537,train
4293,04293.png,2,normal,3538,train
4294,04294.png,2,normal,3539,train
4295,04295.png,2,normal,3540,train
4296,04296.png,2,normal,3541,train
4297,04297.png,2,normal,3542,val
4298,04298.png,2,normal,3543,train
4299,04299.png,2,normal,3544,val
4300,04300.png,2,normal,3545,train
4301,04301.png,2,normal,3546,train
4302,04302.png,2,normal,3547,train
4303,04303.png,2,normal,3548,train
4304,04304.png,2,normal,3549,train
4305,04305.png,2,normal,3550,train
4306,04306.png,2,normal,3551,train
4307,04307.png,2,normal,3552,train
4308,04308.png,2,normal,3553,train
4309,04309.png,2,normal,3554,train
4310,04310.png,2,normal,3555,val
4311,04311.png,2,normal,3556,train
4312,04312.png,2,normal,3557,val
4313,04313.png,2,normal,3558,train
4314,04314.png,2,normal,3559,test
4315,04315.png,2,normal,3560,train
4316,04316.png,2,normal,3561,val
4317,04317.png,2,normal,3562,train
4318,04318.png,2,normal,3563,train
4319,04319.png,2,normal,3564,train
4320,04320.png,2,normal,3565,train
4321,04321.png,2,normal,3566,train
4322,04322.png,2,normal,3567,train
4323,04323.png,2,normal,3568,train
4324,04324.png,2,normal,3569,train
4325,04325.png,2,normal,3570,val
4326,04326.png,2,normal,3571,train
4327,04327.png,2,normal,3572,train
4328,04328.png,2,normal,3573,test
4329,04329.png,2,normal,3574,train
4330,04330.png,2,normal,3575,test
4331,04331.png,2,normal,3576,val
4332,04332.png,2,normal,3577,test
4333,04333.png,2,normal,3578,train
4334,04334.png,2,normal,3579,train
4335,04335.png,2,normal,3580,train
4336,04336.png,2,normal,3581,test
4337,04337.png,2,normal,2207,test
4338,04338.png,2,normal,3582,train
4339,04339.png,2,normal,3583,train
4340,04340.png,2,normal,3584,train
4341,04341.png,2,normal,3585,train
4342,04342.png,2,normal,3586,test
4343,04343.png,2,normal,3587,test
4344,04344.png,2,normal,3588,train
4345,04345.png,2,normal,3589,train
4346,04346.png,2,normal,3590,val
4347,04347.png,2,normal,3591,train
4348,04348.png,2,normal,3592,test
4349,04349.png,2,normal,3593,train
4350,04350.png,2,normal,3594,train
4351,04351.png,2,normal,3595,test
4352,04352.png,2,normal,3596,train
4353,04353.png,2,normal,3597,test
4354,04354.png,2,normal,3598,train
4355,04355.png,2,normal,3599,val
4356,04356.png,2,normal,3600,test
4357,04357.png,2,normal,3601,train
4358,04358.png,2,normal,3602,val
4359,04359.png,2,normal,3603,train
4360,04360.png,2,normal,3604,test
4361,04361.png,2,normal,3605,test
4362,04362.png,2,normal,3606,test
4363,04363.png,2,normal,3607,test
4364,04364.png,2,normal,3608,train
4365,04365.png,2,normal,3609,train
4366,04366.png,2,normal,3610,val
4367,04367.png,2,normal,3611,test
4368,04368.png,2,normal,3612,val
4369,04369.png,2,normal,3613,val
4370,04370.png,2,normal,3614,train
4371,04371.png,2,normal,3615,test
4372,04372.png,2,normal,3616,train
4373,04373.png,2,normal,3617,train
4374,04374.png,2,normal,3618,test
4375,04375.png,2,normal,3619,train
4376,04376.png,2,normal,3620,train
4377,04377.png,2,normal,3621,train
4378,04378.png,2,normal,3622,train
4379,04379.png,2,normal,3623,train
4380,04380.png,2,normal,3624,train
4381,04381.png,2,normal,3625,train
4382,04382.png,2,normal,3626,train
4383,04383.png,2,normal,3627,train
4384,04384.png,2,normal,3628,train
4385,04385.png,2,normal,3629,train
4386,04386.png,2,normal,3630,val
4387,04387.png,2,normal,3631,train
4388,04388.png,2,normal,3632,train
4389,04389.png,2,normal,3633,train
4390,04390.png,2,normal,3634,train
4391,04391.png,2,normal,3635,val
4392,04392.png,2,normal,3636,test
4393,04393.png,2,normal,3637,train
4394,04394.png,2,normal,3638,train
4395,04395.png,2,normal,3639,train
4396,04396.png,2,normal,3640,train
4397,04397.png,2,normal,3641,test
4398,04398.png,2,normal,2480,train
4399,04399.png,2,normal,3642,train
4400,04400.png,2,normal,3643,train
4401,04401.png,2,normal,3644,train
4402,04402.png,2,normal,3645,train
4403,04403.png,2,normal,3646,train
4404,04404.png,2,normal,3647,test
4405,04405.png,2,normal,3648,test
4406,04406.png,2,normal,3649,train
4407,04407.png,2,normal,3650,train
4408,04408.png,2,normal,3651,test
4409,04409.png,2,normal,3652,test
4410,04410.png,2,normal,3653,train
4411,04411.png,2,normal,3588,train
4412,04412.png,2,normal,3654,train
4413,04413.png,2,normal,3655,train
4414,04414.png,2,normal,3656,train
4415,04415.png,2,normal,3657,train
4416,04416.png,2,normal,3658,train
4417,04417.png,2,normal,3659,train
4418,04418.png,2,normal,3660,train
4419,04419.png,2,normal,2098,train
4420,04420.png,2,normal,3661,train
4421,04421.png,2,normal,3662,train
4422,04422.png,2,normal,3663,test
4423,04423.png,2,normal,3664,train
4424,04424.png,2,normal,3665,train
4425,04425.png,2,normal,3666,val
4426,04426.png,2,normal,3667,train
4427,04427.png,2,normal,3668,train
4428,04428.png,2,normal,3669,train
4429,04429.png,2,normal,3670,test
4430,04430.png,2,normal,3671,train
4431,04431.png,2,normal,3672,test
4432,04432.png,2,normal,3673,val
4433,04433.png,2,normal,3674,val
4434,04434.png,2,normal,3675,train
4435,04435.png,2,normal,3676,train
4436,04436.png,2,normal,3677,test
4437,04437.png,2,normal,3678,train
4438,04438.png,2,normal,3679,train
4439,04439.png,2,normal,2925,train
4440,04440.png,2,normal,3680,train
4441,04441.png,2,normal,3681,val
4442,04442.png,2,normal,3682,train
4443,04443.png,2,normal,3683,val
4444,04444.png,2,normal,3684,train
4445,04445.png,2,normal,3685,train
4446,04446.png,2,normal,3686,test
4447,04447.png,2,normal,3687,train
4448,04448.png,2,normal,3688,train
4449,04449.png,2,normal,3689,train
4450,04450.png,2,normal,3690,val
4451,04451.png,2,normal,3691,train
4452,04452.png,2,normal,3692,test
4453,04453.png,2,normal,3693,train
4454,04454.png,2,normal,3694,test
4455,04455.png,2,normal,3695,train
4456,04456.png,2,normal,3696,train
4457,04457.png,2,normal,3697,train
4458,04458.png,2,normal,3698,train
4459,04459.png,2,normal,3699,val
4460,04460.png,2,normal,3700,train
4461,04461.png,2,normal,3701,test
4462,04462.png,2,normal,3702,train
4463,04463.png,2,normal,2384,train
4464,04464.png,2,normal,3703,val
4465,04465.png,2,normal,3704,train
4466,04466.png,2,normal,3705,train
4467,04467.png,2,normal,1291,train
4468,04468.png,2,normal,3706,train
4469,04469.png,2,normal,3707,train
4470,04470.png,2,normal,3708,test
4471,04471.png,2,normal,3709,test
4472,04472.png,2,normal,3710,train
4473,04473.png,2,normal,3711,val
4474,04474.png,2,normal,3712,train
4475,04475.png,2,normal,3713,train
4476,04476.png,2,normal,3714,val
4477,04477.png,2,normal,3715,train
4478,04478.png,2,normal,2515,test
4479,04479.png,2,normal,3716,test
4480,04480.png,2,normal,3717,train
4481,04481.png,2,normal,3718,train
4482,04482.png,2,normal,3719,train
4483,04483.png,2,normal,3720,train
4484,04484.png,2,normal,3721,test
4485,04485.png,2,normal,3722,train
4486,04486.png,2,normal,3723,train
4487,04487.png,2,normal,3724,test
4488,04488.png,2,normal,3725,train
4489,04489.png,2,normal,3726,train
4490,04490.png,2,normal,3727,train
4491,04491.png,2,normal,3728,val
4492,04492.png,2,normal,3729,train
4493,04493.png,2,normal,3730,train
4494,04494.png,2,normal,3731,train
4495,04495.png,2,normal,3732,val
4496,04496.png,2,normal,3733,train
4497,04497.png,2,normal,3734,train
4498,04498.png,2,normal,3735,train
4499,04499.png,2,normal,3736,train
4500,04500.png,2,normal,3737,train
4501,04501.png,2,normal,3738,train
4502,04502.png,2,normal,3739,test
4503,04503.png,2,normal,3740,train
4504,04504.png,2,normal,3741,train
4505,04505.png,2,normal,3742,train
4506,04506.png,2,normal,3743,train
4507,04507.png,2,normal,3744,train
4508,04508.png,2,normal,3745,test
4509,04509.png,2,normal,3746,val
4510,04510.png,2,normal,3747,train
4511,04511.png,2,normal,3748,train
4512,04512.png,2,normal,3749,train
4513,04513.png,2,normal,3750,test
4514,04514.png,2,normal,3751,val
4515,04515.png,2,normal,3752,train
4516,04516.png,2,normal,3753,train
4517,04517.png,2,normal,3754,train
4518,04518.png,2,normal,3755,test
4519,04519.png,2,normal,3756,train
4520,04520.png,2,normal,3757,train
4521,04521.png,2,normal,2230,val
4522,04522.png,2,normal,3758,train
4523,04523.png,2,normal,3759,train
4524,04524.png,2,normal,3760,train
4525,04525.png,2,normal,3761,train
4526,04526.png,2,normal,3566,train
4527,04527.png,2,normal,3762,train
4528,04528.png,2,normal,3763,test
4529,04529.png,2,normal,3764,train
4530,04530.png,2,normal,3765,train
4531,04531.png,2,normal,3766,train
4532,04532.png,2,normal,3767,val
4533,04533.png,2,normal,3768,train
4534,04534.png,2,normal,3769,test
4535,04535.png,2,normal,3655,train
4536,04536.png,2,normal,3770,train
4537,04537.png,2,normal,3771,train
4538,04538.png,2,normal,3772,train
4539,04539.png,2,normal,3773,test
4540,04540.png,2,normal,3774,test
4541,04541.png,2,normal,3775,val
4542,04542.png,2,normal,3776,val
4543,04543.png,2,normal,3777,train
4544,04544.png,2,normal,3778,train
4545,04545.png,2,normal,3779,train
4546,04546.png,2,normal,3780,train
4547,04547.png,2,normal,3781,train
4548,04548.png,2,normal,3782,test
4549,04549.png,2,normal,3783,train
4550,04550.png,2,normal,3784,train
4551,04551.png,2,normal,3785,train
4552,04552.png,2,normal,3786,train
4553,04553.png,2,normal,3787,train
4554,04554.png,2,normal,3788,train
4555,04555.png,2,normal,3789,train
4556,04556.png,2,normal,3790,train
4557,04557.png,2,normal,3791,train
4558,04558.png,2,normal,3792,test
4559,04559.png,2,normal,3793,train
4560,04560.png,2,normal,3794,train
4561,04561.png,2,normal,3795,test
4562,04562.png,2,normal,3796,train
4563,04563.png,2,normal,3797,train
4564,04564.png,2,normal,3798,train
4565,04565.png,2,normal,3799,train
4566,04566.png,2,normal,3800,train
4567,04567.png,2,normal,3801,train
4568,04568.png,2,normal,3802,train
4569,04569.png,2,normal,3803,val
4570,04570.png,2,normal,3804,train
4571,04571.png,2,normal,3805,train
4572,04572.png,2,normal,3806,train
4573,04573.png,2,normal,3807,val
4574,04574.png,2,normal,3808,val
4575,04575.png,2,normal,3809,train
4576,04576.png,2,normal,3810,train
4577,04577.png,2,normal,3811,val
4578,04578.png,2,normal,3812,train
4579,04579.png,2,normal,3813,test
4580,04580.png,2,normal,3814,train
4581,04581.png,2,normal,3815,val
4582,04582.png,2,normal,2277,val
4583,04583.png,2,normal,3816,train
4584,04584.png,2,normal,3817,train
4585,04585.png,2,normal,3818,train
4586,04586.png,2,normal,3819,train
4587,04587.png,2,normal,3820,train
4588,04588.png,2,normal,3821,test
4589,04589.png,2,normal,3822,test
4590,04590.png,2,normal,3823,train
4591,04591.png,2,normal,3824,train
4592,04592.png,2,normal,3825,train
4593,04593.png,2,normal,3826,train
4594,04594.png,2,normal,3827,test
4595,04595.png,2,normal,3828,train
4596,04596.png,2,normal,3829,train
4597,04597.png,2,normal,3830,train
4598,04598.png,2,normal,3609,train
4599,04599.png,2,normal,3831,train
4600,04600.png,2,normal,3832,train
4601,04601.png,2,normal,3833,train
4602,04602.png,2,normal,3834,train
4603,04603.png,2,normal,3835,train
4604,04604.png,2,normal,3836,train
4605,04605.png,2,normal,3837,train
4606,04606.png,2,normal,3838,train
4607,04607.png,2,normal,3839,val
4608,04608.png,2,normal,3840,train
4609,04609.png,2,normal,3841,train
4610,04610.png,2,normal,3842,train
4611,04611.png,2,normal,3843,val
4612,04612.png,2,normal,3844,train
4613,04613.png,2,normal,3845,val
4614,04614.png,2,normal,3846,train
4615,04615.png,2,normal,3847,val
4616,04616.png,2,normal,3848,train
4617,04617.png,2,normal,3849,test
4618,04618.png,2,normal,3850,train
4619,04619.png,2,normal,3851,train
4620,04620.png,2,normal,3852,train
4621,04621.png,2,normal,3853,train
4622,04622.png,2,normal,3854,train
4623,04623.png,2,normal,3855,train
4624,04624.png,2,normal,3856,train
4625,04625.png,2,normal,3857,train
4626,04626.png,2,normal,3858,train
4627,04627.png,2,normal,3859,train
4628,04628.png,2,normal,3860,val
4629,04629.png,2,normal,3861,train
4630,04630.png,2,normal,3862,train
4631,04631.png,2,normal,3063,train
4632,04632.png,2,normal,3863,val
4633,04633.png,2,normal,3864,train
4634,04634.png,2,normal,3865,train
4635,04635.png,2,normal,3866,train
4636,04636.png,2,normal,3867,test
4637,04637.png,2,normal,3868,val
4638,04638.png,2,normal,3869,val
4639,04639.png,2,normal,3870,train
4640,04640.png,2,normal,3871,val
4641,04641.png,2,normal,3872,train
4642,04642.png,2,normal,3873,train
4643,04643.png,2,normal,3874,train
4644,04644.png,2,normal,3875,train
4645,04645.png,2,normal,3876,train
4646,04646.png,2,normal,3877,train
4647,04647.png,2,normal,3878,test
4648,04648.png,2,normal,3879,test
4649,04649.png,2,normal,3880,val
4650,04650.png,2,normal,3881,train
4651,04651.png,2,normal,4624,test
4652,04652.png,2,normal,3882,train
4653,04653.png,2,normal,3883,train
4654,04654.png,2,normal,3884,train
4655,04655.png,2,normal,3885,train
4656,04656.png,2,normal,2442,train
4657,04657.png,2,normal,3886,train
4658,04658.png,2,normal,3887,train
4659,04659.png,2,normal,3888,train
4660,04660.png,2,normal,3889,train
4661,04661.png,2,normal,3890,test
4662,04662.png,2,normal,2746,train
4663,04663.png,2,normal,3891,test
4664,04664.png,2,normal,3892,train
4665,04665.png,2,normal,3893,val
4666,04666.png,2,normal,3894,train
4667,04667.png,2,normal,3895,train
4668,04668.png,2,normal,3896,train
4669,04669.png,2,normal,3897,train
4670,04670.png,2,normal,3898,train
4671,04671.png,2,normal,3899,train
4672,04672.png,2,normal,3900,test
4673,04673.png,2,normal,3901,val
4674,04674.png,2,normal,3902,train
4675,04675.png,2,normal,3903,train
4676,04676.png,2,normal,3904,train
4677,04677.png,2,normal,3905,train
4678,04678.png,2,normal,3906,train
4679,04679.png,2,normal,3907,train
4680,04680.png,2,normal,3908,train
4681,04681.png,2,normal,3909,train
4682,04682.png,2,normal,3910,train
4683,04683.png,2,normal,3911,train
4684,04684.png,2,normal,3912,train
4685,04685.png,2,normal,3913,train
4686,04686.png,2,normal,3914,train
4687,04687.png,2,normal,3915,val
4688,04688.png,2,normal,3916,test
4689,04689.png,2,normal,3917,train
4690,04690.png,2,normal,3918,train
4691,04691.png,2,normal,3919,train
4692,04692.png,2,normal,3920,train
4693,04693.png,2,normal,3921,test
4694,04694.png,2,normal,3922,test
4695,04695.png,2,normal,3923,train
4696,04696.png,2,normal,3924,train
4697,04697.png,2,normal,3925,train
4698,04698.png,2,normal,3926,train
4699,04699.png,2,normal,3927,train
4700,04700.png,2,normal,3928,train
4701,04701.png,2,normal,3929,test
4702,04702.png,2,normal,3930,train
4703,04703.png,2,normal,3931,test
4704,04704.png,2,normal,3932,test
4705,04705.png,2,normal,3933,train
4706,04706.png,2,normal,3934,train
4707,04707.png,2,normal,3935,val
4708,04708.png,2,normal,3936,train
4709,04709.png,2,normal,3937,train
4710,04710.png,2,normal,3938,train
4711,04711.png,2,normal,3939,train
4712,04712.png,2,normal,3940,val
4713,04713.png,2,normal,3941,train
4714,04714.png,2,normal,3942,train
4715,04715.png,2,normal,3943,train
4716,04716.png,2,normal,3944,train
4717,04717.png,2,normal,3945,train
4718,04718.png,2,normal,3946,val
4719,04719.png,2,normal,3947,train
4720,04720.png,2,normal,2280,train
4721,04721.png,2,normal,3948,train
4722,04722.png,2,normal,3949,val
4723,04723.png,2,normal,3950,train
4724,04724.png,2,normal,3951,val
4725,04725.png,2,normal,3952,train
4726,04726.png,2,normal,3953,train
4727,04727.png,2,normal,3954,test
4728,04728.png,2,normal,3955,test
4729,04729.png,2,normal,3956,test
4730,04730.png,2,normal,3957,train
4731,04731.png,2,normal,3958,train
4732,04732.png,2,normal,3959,train
4733,04733.png,2,normal,3960,train
4734,04734.png,2,normal,3961,train
4735,04735.png,2,normal,3962,val
4736,04736.png,2,normal,3963,train
4737,04737.png,2,normal,3964,train
4738,04738.png,2,normal,3965,train
4739,04739.png,2,normal,3966,train
4740,04740.png,2,normal,3967,train
4741,04741.png,2,normal,3968,train
4742,04742.png,2,normal,3969,test
4743,04743.png,2,normal,3970,train
4744,04744.png,2,normal,3971,train
4745,04745.png,2,normal,3972,train
4746,04746.png,2,normal,3973,test
4747,04747.png,2,normal,3974,train
4748,04748.png,2,normal,3975,val
4749,04749.png,2,normal,3976,test
4750,04750.png,2,normal,3977,train
4751,04751.png,2,normal,3978,test
4752,04752.png,2,normal,3979,train
4753,04753.png,2,normal,3980,test
4754,04754.png,2,normal,3981,train
4755,04755.png,2,normal,3982,train
4756,04756.png,2,normal,3983,test
4757,04757.png,2,normal,3984,train
4758,04758.png,2,normal,3985,train
4759,04759.png,2,normal,3986,val
4760,04760.png,2,normal,3987,val
4761,04761.png,2,normal,3988,test
4762,04762.png,2,normal,3989,train
4763,04763.png,2,normal,3990,test
4764,04764.png,2,normal,3991,train
4765,04765.png,2,normal,3992,train
4766,04766.png,2,normal,3993,train
4767,04767.png,2,normal,3994,val
4768,04768.png,2,normal,3995,val
4769,04769.png,2,normal,3996,train
4770,04770.png,2,normal,3997,train
4771,04771.png,2,normal,3998,train
4772,04772.png,2,normal,3999,train
4773,04773.png,2,normal,4000,test
4774,04774.png,2,normal,4001,train
4775,04775.png,2,normal,4002,val
4776,04776.png,2,normal,4003,train
4777,04777.png,2,normal,4004,train
4778,04778.png,2,normal,4005,train
4779,04779.png,2,normal,4006,test
4780,04780.png,2,normal,4007,train
4781,04781.png,2,normal,4008,train
4782,04782.png,2,normal,4009,val
4783,04783.png,2,normal,4010,train
4784,04784.png,2,normal,4011,train
4785,04785.png,2,normal,4012,train
4786,04786.png,2,normal,4013,train
4787,04787.png,2,normal,4014,train
4788,04788.png,2,normal,4015,val
4789,04789.png,2,normal,4016,train
4790,04790.png,2,normal,4017,val
4791,04791.png,2,normal,4018,train
4792,04792.png,2,normal,4019,train
4793,04793.png,2,normal,4020,train
4794,04794.png,2,normal,4021,train
4795,04795.png,2,normal,4022,train
4796,04796.png,2,normal,4023,train
4797,04797.png,2,normal,4024,train
4798,04798.png,2,normal,3976,test
4799,04799.png,2,normal,4025,val
4800,04800.png,2,normal,4026,train
4801,04801.png,2,normal,4027,val
4802,04802.png,2,normal,4028,test
4803,04803.png,2,normal,4029,train
4804,04804.png,2,normal,4030,val
4805,04805.png,2,normal,4031,train
4806,04806.png,2,normal,4032,test
4807,04807.png,2,normal,4033,train
4808,04808.png,2,normal,4034,train
4809,04809.png,2,normal,4035,train
4810,04810.png,2,normal,4036,val
4811,04811.png,2,normal,4037,train
4812,04812.png,2,normal,2384,train
4813,04813.png,2,normal,4038,train
4814,04814.png,2,normal,4039,train
4815,04815.png,2,normal,4040,val
4816,04816.png,2,normal,4041,train
4817,04817.png,2,normal,4042,val
4818,04818.png,2,normal,4043,val
4819,04819.png,2,normal,4044,train
4820,04820.png,2,normal,2185,val
4821,04821.png,2,normal,4045,train
4822,04822.png,2,normal,4046,test
4823,04823.png,2,normal,4047,train
4824,04824.png,2,normal,4048,train
4825,04825.png,2,normal,4049,train
4826,04826.png,2,normal,4050,val
4827,04827.png,2,normal,4051,val
4828,04828.png,2,normal,3431,test
4829,04829.png,2,normal,4052,train
4830,04830.png,2,normal,4053,test
4831,04831.png,2,normal,4054,val
4832,04832.png,2,normal,4055,train
4833,04833.png,2,normal,4056,train
4834,04834.png,2,normal,2089,test
4835,04835.png,2,normal,4057,test
4836,04836.png,2,normal,4058,train
4837,04837.png,2,normal,4059,val
4838,04838.png,2,normal,4060,train
4839,04839.png,2,normal,4061,train
4840,04840.png,2,normal,4062,test
4841,04841.png,2,normal,4063,train
4842,04842.png,2,normal,4064,train
4843,04843.png,2,normal,4065,test
4844,04844.png,2,normal,4066,train
4845,04845.png,2,normal,4067,train
4846,04846.png,2,normal,4068,train
4847,04847.png,2,normal,4069,train
4848,04848.png,2,normal,4070,train
4849,04849.png,2,normal,4071,train
4850,04850.png,2,normal,4072,train
4851,04851.png,2,normal,4073,train
4852,04852.png,2,normal,4074,val
4853,04853.png,2,normal,4075,test
4854,04854.png,2,normal,4076,test
4855,04855.png,2,normal,4077,train
4856,04856.png,2,normal,4078,test
4857,04857.png,2,normal,4079,train
4858,04858.png,2,normal,4080,train
4859,04859.png,2,normal,4081,train
4860,04860.png,2,normal,4082,train
4861,04861.png,2,normal,4083,train
4862,04862.png,2,normal,4084,train
4863,04863.png,2,normal,4085,train
4864,04864.png,2,normal,4086,test
4865,04865.png,2,normal,4087,train
4866,04866.png,2,normal,4088,test
4867,04867.png,2,normal,4089,val
4868,04868.png,2,normal,4090,train
4869,04869.png,2,normal,4091,val
4870,04870.png,2,normal,4092,test
4871,04871.png,2,normal,4093,test
4872,04872.png,2,normal,4094,train
4873,04873.png,2,normal,4095,train
4874,04874.png,2,normal,4096,train
4875,04875.png,2,normal,2379,train
4876,04876.png,2,normal,4097,train
4877,04877.png,2,normal,4098,train
4878,04878.png,2,normal,4099,train
4879,04879.png,2,normal,4100,train
4880,04880.png,2,normal,4101,train
4881,04881.png,2,normal,4102,train
4882,04882.png,2,normal,4103,train
4883,04883.png,2,normal,4104,train
4884,04884.png,2,normal,4105,train
4885,04885.png,2,normal,4106,train
4886,04886.png,2,normal,4107,train
4887,04887.png,2,normal,4108,train
4888,04888.png,2,normal,4109,train
4889,04889.png,2,normal,3996,train
4890,04890.png,2,normal,4110,val
4891,04891.png,2,normal,4111,train
4892,04892.png,2,normal,4112,train
4893,04893.png,2,normal,4113,test
4894,04894.png,2,normal,4114,train
4895,04895.png,2,normal,4115,train
4896,04896.png,2,normal,4116,train
4897,04897.png,2,normal,4117,train
4898,04898.png,2,normal,4118,train
4899,04899.png,2,normal,4119,train
4900,04900.png,2,normal,4120,train
4901,04901.png,2,normal,4121,train
4902,04902.png,2,normal,4122,train
4903,04903.png,2,normal,4246,train
4904,04904.png,2,normal,4123,train
4905,04905.png,2,normal,4124,train
4906,04906.png,2,normal,4125,val
4907,04907.png,2,normal,4126,train
4908,04908.png,2,normal,4127,train
4909,04909.png,2,normal,4128,val
4910,04910.png,2,normal,4129,test
4911,04911.png,2,normal,4130,train
4912,04912.png,2,normal,4131,train
4913,04913.png,2,normal,2202,train
4914,04914.png,2,normal,4132,train
4915,04915.png,2,normal,1926,train
4916,04916.png,2,normal,4133,train
4917,04917.png,2,normal,4134,train
4918,04918.png,2,normal,4135,train
4919,04919.png,2,normal,4136,train
4920,04920.png,2,normal,4137,val
4921,04921.png,2,normal,4138,train
4922,04922.png,2,normal,4139,test
4923,04923.png,2,normal,4140,val
4924,04924.png,2,normal,4141,train
4925,04925.png,2,normal,4142,test
4926,04926.png,2,normal,4143,train
4927,04927.png,2,normal,4144,train
4928,04928.png,2,normal,4145,test
4929,04929.png,2,normal,4146,test
4930,04930.png,2,normal,4147,val
4931,04931.png,2,normal,4148,train
4932,04932.png,2,normal,4149,train
4933,04933.png,2,normal,4150,train
4934,04934.png,2,normal,4151,train
4935,04935.png,2,normal,4152,train
4936,04936.png,2,normal,4153,val
4937,04937.png,2,normal,4154,train
4938,04938.png,2,normal,4155,test
4939,04939.png,2,normal,4156,test
4940,04940.png,2,normal,4157,train
4941,04941.png,2,normal,4158,train
4942,04942.png,2,normal,4159,train
4943,04943.png,2,normal,4160,train
4944,04944.png,2,normal,4161,train
4945,04945.png,2,normal,4162,train
4946,04946.png,2,normal,4163,train
4947,04947.png,2,normal,4164,train
4948,04948.png,2,normal,4165,test
4949,04949.png,2,normal,4166,train
4950,04950.png,2,normal,3612,val
4951,04951.png,2,normal,4167,train
4952,04952.png,2,normal,4168,train
4953,04953.png,2,normal,4169,val
4954,04954.png,2,normal,4170,test
4955,04955.png,2,normal,4171,train
4956,04956.png,2,normal,4172,train
4957,04957.png,2,normal,4173,train
4958,04958.png,2,normal,4174,train
4959,04959.png,2,normal,4175,train
4960,04960.png,2,normal,4176,val
4961,04961.png,2,normal,4177,train
4962,04962.png,2,normal,4178,train
4963,04963.png,2,normal,4179,train
4964,04964.png,2,normal,4180,train
4965,04965.png,2,normal,4181,val
4966,04966.png,2,normal,4182,train
4967,04967.png,2,normal,4183,train
4968,04968.png,2,normal,4184,train
4969,04969.png,2,normal,4185,test
4970,04970.png,2,normal,4186,train
4971,04971.png,2,normal,4187,train
4972,04972.png,2,normal,4188,train
4973,04973.png,2,normal,4189,train
4974,04974.png,2,normal,4190,train
4975,04975.png,2,normal,4191,train
4976,04976.png,2,normal,4192,train
4977,04977.png,2,normal,4193,val
4978,04978.png,2,normal,4194,val
4979,04979.png,2,normal,4195,train
4980,04980.png,2,normal,4196,train
4981,04981.png,2,normal,4197,train
4982,04982.png,2,normal,4198,train
4983,04983.png,2,normal,4199,train
4984,04984.png,2,normal,4200,train
4985,04985.png,2,normal,4201,train
4986,04986.png,2,normal,4202,train
4987,04987.png,2,normal,4203,val
4988,04988.png,2,normal,4204,train
4989,04989.png,2,normal,4205,test
4990,04990.png,2,normal,4206,train
4991,04991.png,2,normal,4207,test
4992,04992.png,2,normal,4208,train
4993,04993.png,2,normal,4209,val
4994,04994.png,2,normal,4210,train
4995,04995.png,2,normal,4211,train
4996,04996.png,2,normal,4212,test
4997,04997.png,2,normal,4213,train
4998,04998.png,2,normal,4214,train
4999,04999.png,2,normal,4215,test
5000,05000.png,2,normal,4216,test
5001,05001.png,2,normal,4217,train
5002,05002.png,2,normal,4218,train
5003,05003.png,2,normal,4219,train
5004,05004.png,2,normal,4220,test
5005,05005.png,2,normal,4221,train
5006,05006.png,2,normal,4222,train
5007,05007.png,2,normal,4223,train
5008,05008.png,2,normal,4224,train
5009,05009.png,2,normal,4225,train
5010,05010.png,2,normal,4226,train
5011,05011.png,2,normal,4227,val
5012,05012.png,2,normal,4228,train
5013,05013.png,2,normal,4229,val
5014,05014.png,2,normal,4230,train
5015,05015.png,2,normal,4231,test
5016,05016.png,2,normal,4232,train
5017,05017.png,2,normal,4233,train
5018,05018.png,2,normal,4234,val
5019,05019.png,2,normal,4235,test
5020,05020.png,2,normal,4236,val
5021,05021.png,2,normal,2161,test
5022,05022.png,2,normal,4237,train
5023,05023.png,2,normal,4238,val
5024,05024.png,2,normal,4239,train
5025,05025.png,2,normal,4240,train
5026,05026.png,2,normal,4241,val
5027,05027.png,2,normal,4242,train
5028,05028.png,2,normal,4243,train
5029,05029.png,2,normal,4244,test
5030,05030.png,2,normal,4245,test
5031,05031.png,2,normal,4246,train
5032,05032.png,2,normal,4247,test
5033,05033.png,2,normal,4248,train
5034,05034.png,2,normal,4249,train
5035,05035.png,2,normal,4250,train
5036,05036.png,2,normal,4251,train
5037,05037.png,2,normal,4252,val
5038,05038.png,2,normal,4253,train
5039,05039.png,2,normal,4254,train
5040,05040.png,2,normal,4255,test
5041,05041.png,2,normal,4256,train
5042,05042.png,2,normal,4257,val
5043,05043.png,2,normal,4258,train
5044,05044.png,2,normal,4221,train
5045,05045.png,2,normal,4259,train
5046,05046.png,2,normal,4260,train
5047,05047.png,2,normal,4261,test
5048,05048.png,2,normal,4262,train
5049,05049.png,2,normal,4263,train
5050,05050.png,2,normal,4264,train
5051,05051.png,2,normal,4265,train
5052,05052.png,2,normal,4266,val
5053,05053.png,2,normal,4267,test
5054,05054.png,2,normal,4268,test
5055,05055.png,2,normal,4023,train
5056,05056.png,2,normal,4269,train
5057,05057.png,2,normal,4270,train
5058,05058.png,2,normal,4271,train
5059,05059.png,2,normal,4272,train
5060,05060.png,2,normal,4273,test
5061,05061.png,2,normal,4274,train
5062,05062.png,2,normal,4275,val
5063,05063.png,2,normal,4276,train
5064,05064.png,2,normal,4277,val
5065,05065.png,2,normal,4278,test
5066,05066.png,2,normal,4279,train
5067,05067.png,2,normal,4280,train
5068,05068.png,2,normal,4281,val
5069,05069.png,2,normal,4282,train
5070,05070.png,2,normal,4283,val
5071,05071.png,2,normal,4284,train
5072,05072.png,2,normal,4285,test
5073,05073.png,2,normal,4286,val
5074,05074.png,2,normal,4287,val
5075,05075.png,2,normal,4288,train
5076,05076.png,2,normal,4289,train
5077,05077.png,2,normal,4290,train
5078,05078.png,2,normal,4291,val
5079,05079.png,2,normal,4292,train
5080,05080.png,2,normal,4293,train
5081,05081.png,2,normal,4294,val
5082,05082.png,2,normal,4295,train
5083,05083.png,2,normal,4296,train
5084,05084.png,2,normal,4297,train
5085,05085.png,2,normal,4298,val
5086,05086.png,2,normal,4299,test
5087,05087.png,2,normal,4300,train
5088,05088.png,2,normal,4301,train
5089,05089.png,2,normal,4302,val
5090,05090.png,2,normal,4303,test
5091,05091.png,2,normal,4304,val
5092,05092.png,2,normal,4305,val
5093,05093.png,2,normal,4306,train
5094,05094.png,2,normal,4307,train
5095,05095.png,2,normal,4308,train
5096,05096.png,2,normal,4309,train
5097,05097.png,2,normal,4310,test
5098,05098.png,2,normal,4311,val
5099,05099.png,2,normal,4312,train
5100,05100.png,2,normal,4313,val
5101,05101.png,2,normal,4314,train
5102,05102.png,2,normal,4315,train
5103,05103.png,2,normal,4316,train
5104,05104.png,2,normal,4317,train
5105,05105.png,2,normal,4318,train
5106,05106.png,2,normal,4319,train
5107,05107.png,2,normal,4320,train
5108,05108.png,2,normal,4321,train
5109,05109.png,2,normal,4322,test
5110,05110.png,2,normal,4323,train
5111,05111.png,2,normal,4324,train
5112,05112.png,2,normal,4325,train
5113,05113.png,2,normal,4326,train
5114,05114.png,2,normal,4327,test
5115,05115.png,2,normal,4328,train
5116,05116.png,2,normal,4329,val
5117,05117.png,2,normal,4330,train
5118,05118.png,2,normal,4331,train
5119,05119.png,2,normal,4332,test
5120,05120.png,2,normal,4333,train
5121,05121.png,2,normal,4334,train
5122,05122.png,2,normal,4335,test
5123,05123.png,2,normal,4336,train
5124,05124.png,2,normal,4337,train
5125,05125.png,2,normal,4338,train
5126,05126.png,2,normal,4339,train
5127,05127.png,2,normal,4340,val
5128,05128.png,2,normal,4341,train
5129,05129.png,2,normal,4342,test
5130,05130.png,2,normal,4343,test
5131,05131.png,2,normal,4344,val
5132,05132.png,2,normal,4345,train
5133,05133.png,2,normal,4346,val
5134,05134.png,2,normal,4347,val
5135,05135.png,2,normal,4348,train
5136,05136.png,2,normal,4349,val
5137,05137.png,2,normal,4350,train
5138,05138.png,2,normal,4351,train
5139,05139.png,2,normal,4352,val
5140,05140.png,2,normal,4353,test
5141,05141.png,2,normal,4354,val
5142,05142.png,2,normal,4355,train
5143,05143.png,2,normal,4356,train
5144,05144.png,2,normal,4357,train
5145,05145.png,2,normal,4358,train
5146,05146.png,2,normal,4359,train
5147,05147.png,2,normal,4060,train
5148,05148.png,2,normal,4360,val
5149,05149.png,2,normal,4361,train
5150,05150.png,2,normal,4362,val
5151,05151.png,2,normal,4363,train
5152,05152.png,2,normal,4364,train
5153,05153.png,2,normal,4365,val
5154,05154.png,2,normal,4366,train
5155,05155.png,2,normal,4367,train
5156,05156.png,2,normal,4368,train
5157,05157.png,2,normal,4369,test
5158,05158.png,2,normal,3719,train
5159,05159.png,2,normal,4370,train
5160,05160.png,2,normal,4371,val
5161,05161.png,2,normal,4372,train
5162,05162.png,2,normal,4373,train
5163,05163.png,2,normal,4374,val
5164,05164.png,2,normal,4375,train
5165,05165.png,2,normal,4376,train
5166,05166.png,2,normal,4377,test
5167,05167.png,2,normal,4378,train
5168,05168.png,2,normal,4379,val
5169,05169.png,2,normal,4380,train
5170,05170.png,2,normal,4381,train
5171,05171.png,2,normal,4382,train
5172,05172.png,2,normal,3719,train
5173,05173.png,2,normal,4383,test
5174,05174.png,2,normal,4384,train
5175,05175.png,2,normal,4385,train
5176,05176.png,2,normal,4386,test
5177,05177.png,2,normal,4387,test
5178,05178.png,2,normal,4388,val
5179,05179.png,2,normal,4389,train
5180,05180.png,2,normal,4390,train
5181,05181.png,2,normal,4391,train
5182,05182.png,2,normal,4392,train
5183,05183.png,2,normal,4393,train
5184,05184.png,2,normal,4394,train
5185,05185.png,2,normal,4395,train
5186,05186.png,2,normal,4396,train
5187,05187.png,2,normal,4397,train
5188,05188.png,2,normal,4398,train
5189,05189.png,2,normal,4399,train
5190,05190.png,2,normal,4400,train
5191,05191.png,2,normal,4401,train
5192,05192.png,2,normal,4402,val
5193,05193.png,2,normal,4403,train
5194,05194.png,2,normal,4404,val
5195,05195.png,2,normal,4405,train
5196,05196.png,2,normal,4406,test
5197,05197.png,2,normal,4407,train
5198,05198.png,2,normal,4408,train
5199,05199.png,2,normal,4409,train
5200,05200.png,2,normal,4410,train
5201,05201.png,2,normal,4411,train
5202,05202.png,2,normal,4412,val
5203,05203.png,2,normal,4413,test
5204,05204.png,2,normal,4414,train
5205,05205.png,2,normal,4415,val
5206,05206.png,2,normal,4416,train
5207,05207.png,2,normal,4417,train
5208,05208.png,2,normal,4418,val
5209,05209.png,2,normal,4419,train
5210,05210.png,2,normal,4420,train
5211,05211.png,2,normal,4421,train
5212,05212.png,2,normal,4422,train
5213,05213.png,2,normal,4423,train
5214,05214.png,2,normal,4424,train
5215,05215.png,2,normal,4425,val
5216,05216.png,2,normal,4426,val
5217,05217.png,2,normal,4427,train
5218,05218.png,2,normal,4428,train
5219,05219.png,2,normal,4429,train
5220,05220.png,2,normal,4430,train
5221,05221.png,2,normal,4431,train
5222,05222.png,2,normal,4432,val
5223,05223.png,2,normal,4433,train
5224,05224.png,2,normal,4434,train
5225,05225.png,2,normal,4435,train
5226,05226.png,2,normal,4436,val
5227,05227.png,2,normal,4437,train
5228,05228.png,2,normal,4438,train
5229,05229.png,2,normal,4439,train
5230,05230.png,2,normal,4440,test
5231,05231.png,2,normal,4441,val
5232,05232.png,2,normal,4442,train
5233,05233.png,2,normal,4443,train
5234,05234.png,2,normal,4444,train
5235,05235.png,2,normal,4445,train
5236,05236.png,2,normal,4446,val
5237,05237.png,2,normal,3304,train
5238,05238.png,2,normal,4447,train
5239,05239.png,2,normal,4448,train
5240,05240.png,2,normal,4449,val
5241,05241.png,2,normal,4450,train
5242,05242.png,2,normal,4451,train
5243,05243.png,2,normal,4452,val
5244,05244.png,2,normal,4453,train
5245,05245.png,2,normal,4454,train
5246,05246.png,2,normal,4455,val
5247,05247.png,2,normal,4456,test
5248,05248.png,2,normal,4457,train
5249,05249.png,2,normal,4458,train
5250,05250.png,2,normal,4459,train
5251,05251.png,2,normal,4460,train
5252,05252.png,2,normal,4461,train
5253,05253.png,2,normal,4462,train
5254,05254.png,2,normal,4463,train
5255,05255.png,2,normal,4464,train
5256,05256.png,2,normal,4465,train
5257,05257.png,2,normal,4466,train
5258,05258.png,2,normal,4467,train
5259,05259.png,2,normal,4454,train
5260,05260.png,2,normal,4468,test
5261,05261.png,2,normal,4469,train
5262,05262.png,2,normal,4470,train
5263,05263.png,2,normal,4471,train
5264,05264.png,2,normal,4472,val
5265,05265.png,2,normal,4473,train
5266,05266.png,2,normal,4474,train
5267,05267.png,2,normal,2632,train
5268,05268.png,2,normal,4475,train
5269,05269.png,2,normal,4476,train
5270,05270.png,2,normal,4477,train
5271,05271.png,2,normal,4478,test
5272,05272.png,2,normal,4479,train
5273,05273.png,2,normal,4480,val
5274,05274.png,2,normal,4481,train
5275,05275.png,2,normal,4482,train
5276,05276.png,2,normal,4483,train
5277,05277.png,2,normal,4484,val
5278,05278.png,2,normal,4485,train
5279,05279.png,2,normal,4486,train
5280,05280.png,2,normal,4487,train
5281,05281.png,2,normal,4488,train
5282,05282.png,2,normal,4489,train
5283,05283.png,2,normal,4490,train
5284,05284.png,2,normal,4491,train
5285,05285.png,2,normal,4492,train
5286,05286.png,2,normal,4493,test
5287,05287.png,2,normal,4494,train
5288,05288.png,2,normal,4495,test
5289,05289.png,2,normal,4496,train
5290,05290.png,2,normal,4497,train
5291,05291.png,2,normal,4498,train
5292,05292.png,2,normal,4499,train
5293,05293.png,2,normal,4500,train
5294,05294.png,2,normal,4501,train
5295,05295.png,2,normal,4502,train
5296,05296.png,2,normal,4503,val
5297,05297.png,2,normal,4504,train
5298,05298.png,2,normal,3170,train
5299,05299.png,2,normal,4505,val
5300,05300.png,2,normal,4506,val
5301,05301.png,2,normal,3952,train
5302,05302.png,2,normal,4507,test
5303,05303.png,2,normal,4508,val
5304,05304.png,2,normal,4509,train
5305,05305.png,2,normal,4510,val
5306,05306.png,2,normal,3146,train
5307,05307.png,2,normal,4511,train
5308,05308.png,2,normal,4512,train
5309,05309.png,2,normal,4513,train
5310,05310.png,2,normal,4514,train
5311,05311.png,2,normal,4016,train
5312,05312.png,2,normal,4515,train
5313,05313.png,2,normal,4516,train
5314,05314.png,2,normal,4517,val
5315,05315.png,2,normal,4518,test
5316,05316.png,2,normal,4519,train
5317,05317.png,2,normal,4520,train
5318,05318.png,2,normal,4521,train
5319,05319.png,2,normal,4522,val
5320,05320.png,2,normal,4523,train
5321,05321.png,2,normal,4524,train
5322,05322.png,2,normal,4525,val
5323,05323.png,2,normal,4526,train
5324,05324.png,2,normal,4527,train
5325,05325.png,2,normal,4528,train
5326,05326.png,2,normal,4529,train
5327,05327.png,2,normal,4530,train
5328,05328.png,2,normal,4531,train
5329,05329.png,2,normal,4532,train
5330,05330.png,2,normal,4533,train
5331,05331.png,2,normal,4534,train
5332,05332.png,2,normal,4535,val
5333,05333.png,2,normal,4536,train
5334,05334.png,2,normal,4537,train
5335,05335.png,2,normal,4538,train
5336,05336.png,2,normal,4539,train
5337,05337.png,2,normal,4540,val
5338,05338.png,2,normal,4541,val
5339,05339.png,2,normal,4542,train
5340,05340.png,2,normal,4543,test
5341,05341.png,2,normal,4544,test
5342,05342.png,2,normal,4545,train
5343,05343.png,2,normal,4546,val
5344,05344.png,2,normal,4547,train
5345,05345.png,2,normal,4548,train
5346,05346.png,2,normal,4549,val
5347,05347.png,2,normal,4550,train
5348,05348.png,2,normal,4551,train
5349,05349.png,2,normal,4552,train
5350,05350.png,2,normal,4553,train
5351,05351.png,2,normal,4554,train
5352,05352.png,2,normal,4555,test
5353,05353.png,2,normal,4556,val
5354,05354.png,2,normal,4557,test
5355,05355.png,2,normal,4558,val
5356,05356.png,2,normal,4559,test
5357,05357.png,2,normal,4560,train
5358,05358.png,2,normal,4561,train
5359,05359.png,2,normal,4562,train
5360,05360.png,2,normal,4563,train
5361,05361.png,2,normal,4564,val
5362,05362.png,2,normal,4565,val
5363,05363.png,2,normal,4566,train
5364,05364.png,2,normal,4567,test
5365,05365.png,2,normal,4568,train
5366,05366.png,2,normal,4569,train
5367,05367.png,2,normal,4570,val
5368,05368.png,2,normal,4571,train
5369,05369.png,2,normal,4572,train
5370,05370.png,2,normal,4573,train
5371,05371.png,2,normal,4574,train
5372,05372.png,2,normal,4575,train
5373,05373.png,2,normal,4576,test
5374,05374.png,2,normal,4577,train
5375,05375.png,2,normal,4578,val
5376,05376.png,2,normal,4579,train
5377,05377.png,2,normal,4580,train
5378,05378.png,2,normal,4581,test
5379,05379.png,2,normal,4582,train
5380,05380.png,2,normal,4583,train
5381,05381.png,2,normal,4584,train
5382,05382.png,2,normal,4585,test
5383,05383.png,2,normal,4586,train
5384,05384.png,2,normal,4587,train
5385,05385.png,2,normal,4588,train
5386,05386.png,2,normal,4589,train
5387,05387.png,2,normal,4590,train
5388,05388.png,2,normal,4591,train
5389,05389.png,2,normal,4592,train
5390,05390.png,2,normal,4593,train
5391,05391.png,2,normal,4594,train
5392,05392.png,2,normal,4595,train
5393,05393.png,2,normal,4596,train
5394,05394.png,2,normal,4597,train
5395,05395.png,2,normal,4598,train
5396,05396.png,2,normal,2089,test
5397,05397.png,2,normal,4599,train
5398,05398.png,2,normal,4600,train
5399,05399.png,2,normal,4601,train
5400,05400.png,2,normal,4602,val
5401,05401.png,2,normal,4603,train
5402,05402.png,2,normal,4604,train
5403,05403.png,2,normal,4605,train
5404,05404.png,2,normal,4606,train
5405,05405.png,2,normal,4607,test
5406,05406.png,2,normal,4608,train
5407,05407.png,2,normal,4609,test
5408,05408.png,2,normal,4610,val
5409,05409.png,2,normal,4611,train
5410,05410.png,2,normal,4612,train
5411,05411.png,2,normal,4613,val
5412,05412.png,2,normal,4614,train
5413,05413.png,2,normal,4615,train
5414,05414.png,2,normal,4616,train
5415,05415.png,2,normal,4617,val
5416,05416.png,2,normal,4618,train
5417,05417.png,2,normal,4619,train
5418,05418.png,2,normal,4620,train
5419,05419.png,2,normal,4621,train
5420,05420.png,2,normal,4622,train
5421,05421.png,2,normal,4623,train
5422,05422.png,2,normal,4624,test
5423,05423.png,2,normal,4625,val
5424,05424.png,2,normal,4626,train
5425,05425.png,2,normal,4627,val
5426,05426.png,2,normal,4628,train
5427,05427.png,2,normal,4629,train
5428,05428.png,2,normal,4630,train
5429,05429.png,2,normal,4631,train
5430,05430.png,2,normal,2638,train
5431,05431.png,2,normal,4632,test
5432,05432.png,2,normal,4633,val
5433,05433.png,2,normal,4634,train
5434,05434.png,2,normal,4635,train
5435,05435.png,2,normal,4636,val
5436,05436.png,2,normal,4637,train
5437,05437.png,2,normal,4638,test
5438,05438.png,2,normal,4639,train
5439,05439.png,2,normal,4640,train
5440,05440.png,2,normal,4641,train
5441,05441.png,2,normal,4642,train
5442,05442.png,2,normal,4643,train
5443,05443.png,2,normal,4644,train
5444,05444.png,2,normal,4645,test
5445,05445.png,2,normal,4646,test
5446,05446.png,2,normal,4647,train
5447,05447.png,2,normal,4648,test
5448,05448.png,2,normal,4649,train
5449,05449.png,2,normal,4650,train
5450,05450.png,2,normal,4651,train
5451,05451.png,2,normal,4652,val
5452,05452.png,2,normal,2296,val
5453,05453.png,2,normal,4653,train
5454,05454.png,2,normal,4654,train
5455,05455.png,2,normal,4655,train
5456,05456.png,2,normal,4656,val
5457,05457.png,2,normal,4657,train
5458,05458.png,2,normal,4658,train
5459,05459.png,2,normal,4659,test
5460,05460.png,2,normal,4660,val
5461,05461.png,2,normal,4661,train
5462,05462.png,2,normal,4662,train
5463,05463.png,2,normal,4663,train
5464,05464.png,2,normal,4664,test
5465,05465.png,2,normal,4665,train
5466,05466.png,2,normal,4666,test
5467,05467.png,2,normal,4667,train
5468,05468.png,2,normal,4668,train
5469,05469.png,2,normal,4669,val
5470,05470.png,2,normal,4670,train
5471,05471.png,2,normal,4671,train
5472,05472.png,2,normal,4672,train
5473,05473.png,2,normal,4673,train
5474,05474.png,2,normal,4674,train
5475,05475.png,2,normal,4675,train
5476,05476.png,2,normal,4676,train
5477,05477.png,2,normal,4677,train
5478,05478.png,2,normal,4678,test
5479,05479.png,2,normal,4679,train
5480,05480.png,2,normal,4680,test
5481,05481.png,2,normal,4681,test
5482,05482.png,2,normal,4682,train
5483,05483.png,2,normal,2208,train
5484,05484.png,2,normal,4683,test
5485,05485.png,2,normal,4684,train
5486,05486.png,2,normal,4685,train
5487,05487.png,2,normal,1973,train
5488,05488.png,2,normal,4686,train
5489,05489.png,2,normal,4687,train
5490,05490.png,2,normal,4688,train
5491,05491.png,2,normal,4689,val
5492,05492.png,2,normal,4690,train
5493,05493.png,2,normal,4691,train
5494,05494.png,2,normal,4692,test
5495,05495.png,2,normal,4693,train
5496,05496.png,2,normal,4694,train
5497,05497.png,2,normal,4695,train
5498,05498.png,2,normal,4696,train
5499,05499.png,2,normal,4697,train
5500,05500.png,2,normal,4698,val
5501,05501.png,2,normal,4699,test
5502,05502.png,2,normal,4700,train
5503,05503.png,2,normal,4701,train
5504,05504.png,2,normal,4702,train
5505,05505.png,2,normal,4703,test
5506,05506.png,2,normal,4704,train
5507,05507.png,2,normal,4705,train
5508,05508.png,2,normal,4706,test
5509,05509.png,2,normal,4707,val
5510,05510.png,2,normal,4708,train
5511,05511.png,2,normal,4709,test
5512,05512.png,2,normal,4710,test
5513,05513.png,2,normal,4711,train
5514,05514.png,2,normal,4712,train
5515,05515.png,2,normal,4713,train
5516,05516.png,2,normal,4714,train
5517,05517.png,2,normal,3183,train
5518,05518.png,2,normal,4715,test
5519,05519.png,2,normal,3109,train
5520,05520.png,2,normal,4716,train
5521,05521.png,2,normal,4717,val
5522,05522.png,2,normal,4718,train
5523,05523.png,2,normal,4719,train
5524,05524.png,2,normal,3116,train
5525,05525.png,2,normal,4720,val
5526,05526.png,2,normal,4721,train
5527,05527.png,2,normal,4722,train
5528,05528.png,2,normal,4723,train
5529,05529.png,2,normal,4724,test
5530,05530.png,2,normal,4725,train
5531,05531.png,2,normal,4726,train
5532,05532.png,2,normal,4727,val
5533,05533.png,2,normal,4728,train
5534,05534.png,2,normal,4729,val
5535,05535.png,2,normal,4730,train
5536,05536.png,2,normal,4731,train
5537,05537.png,2,normal,4732,val
5538,05538.png,2,normal,4733,test
5539,05539.png,2,normal,4734,train
5540,05540.png,2,normal,4735,train
5541,05541.png,2,normal,4736,train
5542,05542.png,2,normal,4737,train
5543,05543.png,2,normal,4738,train
5544,05544.png,2,normal,4739,train
5545,05545.png,2,normal,4740,train
5546,05546.png,2,normal,4741,train
5547,05547.png,2,normal,4742,train
5548,05548.png,2,normal,4743,test
5549,05549.png,2,normal,4744,train
5550,05550.png,2,normal,4745,train
5551,05551.png,2,normal,4746,train
5552,05552.png,2,normal,4747,train
5553,05553.png,2,normal,4748,train
5554,05554.png,2,normal,4749,train
5555,05555.png,2,normal,4750,train
5556,05556.png,2,normal,4751,train
5557,05557.png,2,normal,4752,test
5558,05558.png,2,normal,4753,train
5559,05559.png,2,normal,4754,train
5560,05560.png,2,normal,4755,train
5561,05561.png,2,normal,4756,train
5562,05562.png,2,normal,4757,train
5563,05563.png,2,normal,4758,train
5564,05564.png,2,normal,3341,train
5565,05565.png,2,normal,4759,train
5566,05566.png,2,normal,4760,val
5567,05567.png,2,normal,4761,train
5568,05568.png,2,normal,4762,train
5569,05569.png,2,normal,4763,train
5570,05570.png,2,normal,4764,test
5571,05571.png,2,normal,4765,test
5572,05572.png,2,normal,4766,train
5573,05573.png,2,normal,4767,train
5574,05574.png,2,normal,4768,train
5575,05575.png,2,normal,4769,train
5576,05576.png,2,normal,4770,train
5577,05577.png,2,normal,4771,train
5578,05578.png,2,normal,4772,train
5579,05579.png,2,normal,4773,test
5580,05580.png,2,normal,4774,train
5581,05581.png,2,normal,4775,train
5582,05582.png,2,normal,4776,train
5583,05583.png,2,normal,2089,test
5584,05584.png,2,normal,4777,train
5585,05585.png,2,normal,4778,train
5586,05586.png,2,normal,4779,train
5587,05587.png,2,normal,4780,train
5588,05588.png,2,normal,4781,train
5589,05589.png,2,normal,4782,val
5590,05590.png,2,normal,4783,train
5591,05591.png,2,normal,2036,val
5592,05592.png,2,normal,4017,val
5593,05593.png,2,normal,4784,val
5594,05594.png,2,normal,4785,train
5595,05595.png,2,normal,4786,train
5596,05596.png,2,normal,4787,train
5597,05597.png,2,normal,4788,train
5598,05598.png,2,normal,4789,test
5599,05599.png,2,normal,4790,train
5600,05600.png,2,normal,4791,train
5601,05601.png,2,normal,4792,train
5602,05602.png,2,normal,4793,train
5603,05603.png,2,normal,4794,train
5604,05604.png,2,normal,4795,train
5605,05605.png,2,normal,4796,train
5606,05606.png,2,normal,4797,train
5607,05607.png,2,normal,4798,val
5608,05608.png,2,normal,4799,train
5609,05609.png,2,normal,4800,train
5610,05610.png,2,normal,4801,train
5611,05611.png,2,normal,4802,test
5612,05612.png,2,normal,4803,train
5613,05613.png,2,normal,4804,val
5614,05614.png,2,normal,4805,val
5615,05615.png,2,normal,4806,train
5616,05616.png,2,normal,4807,train
5617,05617.png,2,normal,4808,val
5618,05618.png,2,normal,4809,val
5619,05619.png,2,normal,4810,train
5620,05620.png,2,normal,4811,train
5621,05621.png,2,normal,4812,train
5622,05622.png,2,normal,4813,train
5623,05623.png,2,normal,4814,train
5624,05624.png,2,normal,4815,val
5625,05625.png,2,normal,4816,val
5626,05626.png,2,normal,4817,test
5627,05627.png,2,normal,4818,train
5628,05628.png,2,normal,4819,train
5629,05629.png,2,normal,4820,train
5630,05630.png,2,normal,4821,train
5631,05631.png,2,normal,4327,test
5632,05632.png,2,normal,4822,train
5633,05633.png,2,normal,4823,test
5634,05634.png,2,normal,4824,test
5635,05635.png,2,normal,4825,train
5636,05636.png,2,normal,4826,test
5637,05637.png,2,normal,4827,train
5638,05638.png,2,normal,4828,train
5639,05639.png,2,normal,4829,val
5640,05640.png,2,normal,4830,train
5641,05641.png,2,normal,4831,val
5642,05642.png,2,normal,4832,val
5643,05643.png,2,normal,4833,train
5644,05644.png,2,normal,4834,val
5645,05645.png,2,normal,4835,train
5646,05646.png,2,normal,4836,test
5647,05647.png,2,normal,4837,train
5648,05648.png,2,normal,4838,val
5649,05649.png,2,normal,4839,val
5650,05650.png,2,normal,4840,test
5651,05651.png,2,normal,4841,test
5652,05652.png,2,normal,4842,train
5653,05653.png,2,normal,4843,val
5654,05654.png,2,normal,4844,train
5655,05655.png,2,normal,4845,train
5656,05656.png,2,normal,4846,train
5657,05657.png,2,normal,4847,test
5658,05658.png,2,normal,4848,train
5659,05659.png,2,normal,4849,val
5660,05660.png,2,normal,4850,train
5661,05661.png,2,normal,4851,train
5662,05662.png,2,normal,4852,train
5663,05663.png,2,normal,4482,train
5664,05664.png,2,normal,4853,val
5665,05665.png,2,normal,4854,train
5666,05666.png,2,normal,4855,train
5667,05667.png,2,normal,4856,train
5668,05668.png,2,normal,4857,train
5669,05669.png,2,normal,4858,train
5670,05670.png,2,normal,4859,train
5671,05671.png,2,normal,4860,train
5672,05672.png,2,normal,4861,train
5673,05673.png,2,normal,4862,test
5674,05674.png,2,normal,4863,train
5675,05675.png,2,normal,4864,train
5676,05676.png,2,normal,4865,train
5677,05677.png,2,normal,4866,train
5678,05678.png,2,normal,4867,test
5679,05679.png,2,normal,4868,train
5680,05680.png,2,normal,4869,train
5681,05681.png,2,normal,4870,train
5682,05682.png,2,normal,4871,train
5683,05683.png,2,normal,4872,train
5684,05684.png,2,normal,4873,train
5685,05685.png,2,normal,4874,val
5686,05686.png,2,normal,4875,train
5687,05687.png,2,normal,4876,train
5688,05688.png,2,normal,4877,train
5689,05689.png,2,normal,4878,train
5690,05690.png,2,normal,4879,train
5691,05691.png,2,normal,4880,train
5692,05692.png,2,normal,4881,val
5693,05693.png,2,normal,4882,train
5694,05694.png,2,normal,4883,test
5695,05695.png,2,normal,4884,test
5696,05696.png,2,normal,4885,val
5697,05697.png,2,normal,4886,train
5698,05698.png,2,normal,4887,val
5699,05699.png,2,normal,4888,val
5700,05700.png,2,normal,4889,train
5701,05701.png,2,normal,4890,train
5702,05702.png,2,normal,4891,test
5703,05703.png,2,normal,4892,train
5704,05704.png,2,normal,4893,train
5705,05705.png,2,normal,4894,train
5706,05706.png,2,normal,4895,train
5707,05707.png,2,normal,4896,train
5708,05708.png,2,normal,4897,train
5709,05709.png,2,normal,4898,train
5710,05710.png,2,normal,4899,train
5711,05711.png,2,normal,4900,train
5712,05712.png,2,normal,4654,train
5713,05713.png,2,normal,4901,val
5714,05714.png,2,normal,4902,val
5715,05715.png,2,normal,4903,train
5716,05716.png,2,normal,4904,test
5717,05717.png,2,normal,4905,train
5718,05718.png,2,normal,4906,val
5719,05719.png,2,normal,4907,train
5720,05720.png,2,normal,4908,test
5721,05721.png,2,normal,4909,test
5722,05722.png,2,normal,4910,train
5723,05723.png,2,normal,4911,train
5724,05724.png,2,normal,4912,test
5725,05725.png,2,normal,4913,val
5726,05726.png,2,normal,4914,test
5727,05727.png,2,normal,4915,train
5728,05728.png,2,normal,4916,train
5729,05729.png,2,normal,4917,test
5730,05730.png,2,normal,4918,train
5731,05731.png,2,normal,4919,train
5732,05732.png,2,normal,4920,val
5733,05733.png,2,normal,4624,test
5734,05734.png,2,normal,4921,train
5735,05735.png,2,normal,4922,test
5736,05736.png,2,normal,4923,test
5737,05737.png,2,normal,4924,train
5738,05738.png,2,normal,4925,test
5739,05739.png,2,normal,4926,train
5740,05740.png,2,normal,4927,val
5741,05741.png,2,normal,4928,test
5742,05742.png,2,normal,4929,test
5743,05743.png,2,normal,4930,train
5744,05744.png,2,normal,4931,test
5745,05745.png,2,normal,4932,train
5746,05746.png,2,normal,4933,train
5747,05747.png,2,normal,4934,train
5748,05748.png,2,normal,4935,train
5749,05749.png,2,normal,1967,test
5750,05750.png,2,normal,4936,train
5751,05751.png,2,normal,4937,val
5752,05752.png,2,normal,4938,train
5753,05753.png,2,normal,4939,test
5754,05754.png,2,normal,4940,val
5755,05755.png,2,normal,4941,train
5756,05756.png,2,normal,4942,train
5757,05757.png,2,normal,4943,val
5758,05758.png,2,normal,4944,train
5759,05759.png,2,normal,4945,train
5760,05760.png,2,normal,4946,train
5761,05761.png,2,normal,4947,train
5762,05762.png,2,normal,4948,train
5763,05763.png,2,normal,4949,train
5764,05764.png,2,normal,4950,test
5765,05765.png,2,normal,4951,train
5766,05766.png,2,normal,4952,train
5767,05767.png,2,normal,4953,train
5768,05768.png,2,normal,4954,train
5769,05769.png,2,normal,4151,train
5770,05770.png,2,normal,4955,train
5771,05771.png,2,normal,4956,train
5772,05772.png,2,normal,4957,train
5773,05773.png,2,normal,4958,test
5774,05774.png,2,normal,4959,train
5775,05775.png,2,normal,4960,train
5776,05776.png,2,normal,4961,train
5777,05777.png,2,normal,4962,train
5778,05778.png,2,normal,4963,test
5779,05779.png,2,normal,4964,train
5780,05780.png,2,normal,1976,test
5781,05781.png,2,normal,4965,test
5782,05782.png,2,normal,4966,test
5783,05783.png,2,normal,4967,val
5784,05784.png,2,normal,4968,train
5785,05785.png,2,normal,3473,train
5786,05786.png,2,normal,4969,train
5787,05787.png,2,normal,4970,train
5788,05788.png,2,normal,4971,train
5789,05789.png,2,normal,4972,test
5790,05790.png,2,normal,3044,train
5791,05791.png,2,normal,4973,test
5792,05792.png,2,normal,4974,train
5793,05793.png,2,normal,3318,test
5794,05794.png,2,normal,4975,train
5795,05795.png,2,normal,4976,train
5796,05796.png,2,normal,4977,train
5797,05797.png,2,normal,4978,val
5798,05798.png,2,normal,4979,train
5799,05799.png,2,normal,4980,val
5800,05800.png,2,normal,4981,train
5801,05801.png,2,normal,4982,test
5802,05802.png,2,normal,4983,train
5803,05803.png,2,normal,4984,val
5804,05804.png,2,normal,2599,val
5805,05805.png,2,normal,4985,train
5806,05806.png,2,normal,4986,test
5807,05807.png,2,normal,4987,val
5808,05808.png,2,normal,4988,test
5809,05809.png,2,normal,4989,train
5810,05810.png,2,normal,4990,train
5811,05811.png,2,normal,4991,train
5812,05812.png,2,normal,4992,test
5813,05813.png,2,normal,4993,train
5814,05814.png,2,normal,4994,train
5815,05815.png,2,normal,4995,train
5816,05816.png,2,normal,4996,train
5817,05817.png,2,normal,4997,train
5818,05818.png,2,normal,4998,train
5819,05819.png,2,normal,4999,train
5820,05820.png,2,normal,5000,train
5821,05821.png,2,normal,5001,train
5822,05822.png,2,normal,5002,test
5823,05823.png,2,normal,5003,train
5824,05824.png,2,normal,5004,train
5825,05825.png,2,normal,5005,train
5826,05826.png,2,normal,5006,train
5827,05827.png,2,normal,5007,val
5828,05828.png,2,normal,5008,train
5829,05829.png,2,normal,5009,train
5830,05830.png,2,normal,5010,train
5831,05831.png,2,normal,5011,train
5832,05832.png,2,normal,5012,train
5833,05833.png,2,normal,5013,val
5834,05834.png,2,normal,5014,train
5835,05835.png,2,normal,5015,train
5836,05836.png,2,normal,5016,train
5837,05837.png,2,normal,5017,train
5838,05838.png,2,normal,5018,test
5839,05839.png,2,normal,5019,val
5840,05840.png,2,normal,5020,train
5841,05841.png,2,normal,5021,val
5842,05842.png,2,normal,5022,test
5843,05843.png,2,normal,5023,train
5844,05844.png,2,normal,5024,train
5845,05845.png,2,normal,5025,train
5846,05846.png,2,normal,5026,val
5847,05847.png,2,normal,5027,train
5848,05848.png,2,normal,5028,test
5849,05849.png,2,normal,5029,train
5850,05850.png,2,normal,5030,train
5851,05851.png,2,normal,5031,test
5852,05852.png,2,normal,5032,train
5853,05853.png,2,normal,5033,train
5854,05854.png,2,normal,5034,train
5855,05855.png,2,normal,5035,val
5856,05856.png,2,normal,5036,test
5857,05857.png,2,normal,5037,train
5858,05858.png,2,normal,5038,train
5859,05859.png,2,normal,5039,test
5860,05860.png,2,normal,5040,train
5861,05861.png,2,normal,5041,val
5862,05862.png,2,normal,5042,test
5863,05863.png,2,normal,5043,train
5864,05864.png,2,normal,5044,train
5865,05865.png,2,normal,5045,test
5866,05866.png,2,normal,5046,train
5867,05867.png,2,normal,5047,train
5868,05868.png,2,normal,5048,train
5869,05869.png,2,normal,5049,train
5870,05870.png,2,normal,5050,train
5871,05871.png,2,normal,5051,train
5872,05872.png,2,normal,5052,train
5873,05873.png,2,normal,5053,train
5874,05874.png,2,normal,5054,train
5875,05875.png,2,normal,5055,train
5876,05876.png,2,normal,5056,test
5877,05877.png,2,normal,5057,train
5878,05878.png,2,normal,5058,train
5879,05879.png,2,normal,5059,train
5880,05880.png,2,normal,5060,test
5881,05881.png,2,normal,5061,train
5882,05882.png,2,normal,5062,test
5883,05883.png,2,normal,5063,train
5884,05884.png,2,normal,5064,train
5885,05885.png,2,normal,5065,train
5886,05886.png,2,normal,5066,val
5887,05887.png,2,normal,5067,train
5888,05888.png,2,normal,5068,test
5889,05889.png,2,normal,4459,train
5890,05890.png,2,normal,5069,train
5891,05891.png,2,normal,5070,train
5892,05892.png,2,normal,5071,test
5893,05893.png,2,normal,5072,train
5894,05894.png,2,normal,5073,val
5895,05895.png,2,normal,5074,val
5896,05896.png,2,normal,5075,train
5897,05897.png,2,normal,5076,train
5898,05898.png,2,normal,5077,val
5899,05899.png,2,normal,5078,test
5900,05900.png,2,normal,5079,train
5901,05901.png,2,normal,5080,val
5902,05902.png,2,normal,5081,train
5903,05903.png,2,normal,5082,train
5904,05904.png,2,normal,5083,train
5905,05905.png,2,normal,5084,val
5906,05906.png,2,normal,5085,train
5907,05907.png,2,normal,5086,train
5908,05908.png,2,normal,5087,train
5909,05909.png,2,normal,5088,train
5910,05910.png,2,normal,4151,train
5911,05911.png,2,normal,5089,train
5912,05912.png,2,normal,5090,train
5913,05913.png,2,normal,5091,train
5914,05914.png,2,normal,5092,val
5915,05915.png,2,normal,5093,val
5916,05916.png,2,normal,4595,train
5917,05917.png,2,normal,5094,train
5918,05918.png,2,normal,5095,test
5919,05919.png,2,normal,5096,test
5920,05920.png,2,normal,5097,train
5921,05921.png,2,normal,5098,train
5922,05922.png,2,normal,3246,val
5923,05923.png,2,normal,5099,train
5924,05924.png,2,normal,5100,train
5925,05925.png,2,normal,5101,train
5926,05926.png,2,normal,5102,val
5927,05927.png,2,normal,5103,train
5928,05928.png,2,normal,5104,train
5929,05929.png,2,normal,5105,train
5930,05930.png,2,normal,5106,train
5931,05931.png,2,normal,5107,train
5932,05932.png,2,normal,5108,test
5933,05933.png,2,normal,5109,train
5934,05934.png,2,normal,5110,train
5935,05935.png,2,normal,5111,train
5936,05936.png,2,normal,5112,train
5937,05937.png,2,normal,5113,val
5938,05938.png,2,normal,5114,val
5939,05939.png,2,normal,5115,train
5940,05940.png,2,normal,5116,test
5941,05941.png,2,normal,5117,train
5942,05942.png,2,normal,5118,val
5943,05943.png,2,normal,5119,val
5944,05944.png,2,normal,5120,test
5945,05945.png,2,normal,5121,test
5946,05946.png,2,normal,5122,train
5947,05947.png,2,normal,5123,train
5948,05948.png,2,normal,5124,val
5949,05949.png,2,normal,5125,train
5950,05950.png,2,normal,5126,train
5951,05951.png,2,normal,5127,test
5952,05952.png,2,normal,3473,train
5953,05953.png,2,normal,2368,train
5954,05954.png,2,normal,5128,train
5955,05955.png,2,normal,5129,train
5956,05956.png,2,normal,5130,train
5957,05957.png,2,normal,5131,train
5958,05958.png,2,normal,3132,train
5959,05959.png,2,normal,5132,test
5960,05960.png,2,normal,5133,train
5961,05961.png,2,normal,5134,train
5962,05962.png,2,normal,5135,val
5963,05963.png,2,normal,5136,train
5964,05964.png,2,normal,5137,train
5965,05965.png,2,normal,5138,test
5966,05966.png,2,normal,5139,val
5967,05967.png,2,normal,5140,train
5968,05968.png,2,normal,5141,test
5969,05969.png,2,normal,5142,val
5970,05970.png,2,normal,5143,val
5971,05971.png,2,normal,5144,train
5972,05972.png,2,normal,5145,train
5973,05973.png,2,normal,5146,val
5974,05974.png,2,normal,5147,val
5975,05975.png,2,normal,5148,train
5976,05976.png,2,normal,5149,train
5977,05977.png,2,normal,5150,test
5978,05978.png,2,normal,5151,train
5979,05979.png,2,normal,5152,train
5980,05980.png,2,normal,5153,train
5981,05981.png,2,normal,5154,val
5982,05982.png,2,normal,5155,test
5983,05983.png,2,normal,5156,train
5984,05984.png,2,normal,5157,train
5985,05985.png,2,normal,5158,train
5986,05986.png,2,normal,2428,train
5987,05987.png,2,normal,5159,val
5988,05988.png,2,normal,5160,val
5989,05989.png,2,normal,5161,train
5990,05990.png,2,normal,5162,train
5991,05991.png,2,normal,5163,test
5992,05992.png,2,normal,5164,train
5993,05993.png,2,normal,5165,val
5994,05994.png,2,normal,5166,train
5995,05995.png,2,normal,5167,train
5996,05996.png,2,normal,5168,test
5997,05997.png,2,normal,5169,test
5998,05998.png,2,normal,5170,train
5999,05999.png,2,normal,5171,train
6000,06000.png,2,normal,5172,train
6001,06001.png,2,normal,5173,val
6002,06002.png,2,normal,5174,train
6003,06003.png,2,normal,5175,train
6004,06004.png,2,normal,5176,train
6005,06005.png,2,normal,5177,val
6006,06006.png,2,normal,5178,val
6007,06007.png,2,normal,5179,train
6008,06008.png,2,normal,3765,train
6009,06009.png,2,normal,5180,train
6010,06010.png,2,normal,5181,train
6011,06011.png,2,normal,5182,train
6012,06012.png,2,normal,5183,train
6013,06013.png,2,normal,5184,test
6014,06014.png,2,normal,5185,val
6015,06015.png,2,normal,5186,train
6016,06016.png,2,normal,5187,test
6017,06017.png,2,normal,5188,train
6018,06018.png,2,normal,5189,train
6019,06019.png,2,normal,5190,train
6020,06020.png,2,normal,5191,train
6021,06021.png,2,normal,5192,val
6022,06022.png,2,normal,5193,train
6023,06023.png,2,normal,5194,train
6024,06024.png,2,normal,5195,train
6025,06025.png,2,normal,5196,train
6026,06026.png,2,normal,5197,train
6027,06027.png,2,normal,5198,test
6028,06028.png,2,normal,5199,train
6029,06029.png,2,normal,5200,train
6030,06030.png,2,normal,5201,train
6031,06031.png,2,normal,5202,train
6032,06032.png,2,normal,5203,train
6033,06033.png,2,normal,5204,train
6034,06034.png,2,normal,5205,test
6035,06035.png,2,normal,5206,train
6036,06036.png,2,normal,5207,train
6037,06037.png,2,normal,5208,train
6038,06038.png,2,normal,5209,train
6039,06039.png,2,normal,5210,test
6040,06040.png,2,normal,5211,train
6041,06041.png,2,normal,5212,train
6042,06042.png,2,normal,5213,train
6043,06043.png,2,normal,5214,train
6044,06044.png,2,normal,5215,train
6045,06045.png,2,normal,5216,val
6046,06046.png,2,normal,5217,train
6047,06047.png,2,normal,5218,test
6048,06048.png,2,normal,5219,val
6049,06049.png,2,normal,5220,val
6050,06050.png,2,normal,5221,train
6051,06051.png,2,normal,5222,train
6052,06052.png,2,normal,5223,train
6053,06053.png,2,normal,5224,test
6054,06054.png,2,normal,5225,val
6055,06055.png,2,normal,5226,train
6056,06056.png,2,normal,5227,train
6057,06057.png,2,normal,2019,train
6058,06058.png,2,normal,5228,test
6059,06059.png,2,normal,5229,val
6060,06060.png,2,normal,5230,test
6061,06061.png,2,normal,5231,test
6062,06062.png,2,normal,5232,train
6063,06063.png,2,normal,5233,train
6064,06064.png,2,normal,5234,train
6065,06065.png,2,normal,5235,train
6066,06066.png,2,normal,5236,train
6067,06067.png,2,normal,5237,train
6068,06068.png,2,normal,5238,train
6069,06069.png,2,normal,5239,test
6070,06070.png,2,normal,5240,train
6071,06071.png,2,normal,5241,val
6072,06072.png,2,normal,5242,train
6073,06073.png,2,normal,5243,train
6074,06074.png,2,normal,5244,train
6075,06075.png,2,normal,2788,test
6076,06076.png,2,normal,5245,train
6077,06077.png,2,normal,5246,train
6078,06078.png,2,normal,5247,train
6079,06079.png,2,normal,5248,train
6080,06080.png,2,normal,5249,train
6081,06081.png,2,normal,5250,train
6082,06082.png,2,normal,5251,train
6083,06083.png,2,normal,5252,train
6084,06084.png,2,normal,5253,train
6085,06085.png,2,normal,5254,val
6086,06086.png,2,normal,5255,val
6087,06087.png,2,normal,5256,train
6088,06088.png,2,normal,5257,test
6089,06089.png,2,normal,5258,train
6090,06090.png,2,normal,5259,train
6091,06091.png,2,normal,5260,val
6092,06092.png,2,normal,5261,train
6093,06093.png,2,normal,5262,train
6094,06094.png,2,normal,5263,train
6095,06095.png,2,normal,5264,train
6096,06096.png,2,normal,5265,train
6097,06097.png,2,normal,5266,train
6098,06098.png,2,normal,5267,val
6099,06099.png,2,normal,5268,test
6100,06100.png,2,normal,5269,val
6101,06101.png,2,normal,5270,train
6102,06102.png,2,normal,5271,test
6103,06103.png,2,normal,5272,train
6104,06104.png,2,normal,5273,train
6105,06105.png,2,normal,2605,train
6106,06106.png,2,normal,5274,val
6107,06107.png,2,normal,5275,train
6108,06108.png,2,normal,5276,train
6109,06109.png,2,normal,5277,train
6110,06110.png,2,normal,5278,val
6111,06111.png,2,normal,5279,train
6112,06112.png,2,normal,5280,train
6113,06113.png,2,normal,5281,test
6114,06114.png,2,normal,5282,train
6115,06115.png,2,normal,2948,train
6116,06116.png,2,normal,5283,train
6117,06117.png,2,normal,5284,train
6118,06118.png,2,normal,5285,train
6119,06119.png,2,normal,5286,train
6120,06120.png,2,normal,5287,train
6121,06121.png,2,normal,5288,train
6122,06122.png,2,normal,5289,train
6123,06123.png,2,normal,5290,test
6124,06124.png,2,normal,5291,train
6125,06125.png,2,normal,5292,train
6126,06126.png,2,normal,5293,train
6127,06127.png,2,normal,5294,test
6128,06128.png,2,normal,5295,train
6129,06129.png,2,normal,4559,test
6130,06130.png,2,normal,5296,train
6131,06131.png,2,normal,5297,val
6132,06132.png,2,normal,5298,test
6133,06133.png,2,normal,5299,train
6134,06134.png,2,normal,5300,val
6135,06135.png,2,normal,5301,test
6136,06136.png,2,normal,5302,train
6137,06137.png,2,normal,5303,train
6138,06138.png,2,normal,5304,val
6139,06139.png,2,normal,5305,train
6140,06140.png,2,normal,5306,train
6141,06141.png,2,normal,5307,test
6142,06142.png,2,normal,5308,train
6143,06143.png,2,normal,5309,train
6144,06144.png,2,normal,5310,test
6145,06145.png,2,normal,5311,train
6146,06146.png,2,normal,5312,train
6147,06147.png,2,normal,5313,train
6148,06148.png,2,normal,5314,train
6149,06149.png,2,normal,5315,test
6150,06150.png,2,normal,5316,val
6151,06151.png,2,normal,5317,train
6152,06152.png,2,normal,5318,train
6153,06153.png,2,normal,5319,val
6154,06154.png,2,normal,5320,train
6155,06155.png,2,normal,5321,train
6156,06156.png,2,normal,5322,train
6157,06157.png,2,normal,5323,val
6158,06158.png,2,normal,4454,train
6159,06159.png,2,normal,5324,test
6160,06160.png,2,normal,5325,train
6161,06161.png,2,normal,5326,train
6162,06162.png,2,normal,5327,train
6163,06163.png,2,normal,5328,train
6164,06164.png,2,normal,5329,train
6165,06165.png,2,normal,5330,test
6166,06166.png,2,normal,5331,train
6167,06167.png,2,normal,5332,train
6168,06168.png,2,normal,5333,train
6169,06169.png,2,normal,5334,train
6170,06170.png,2,normal,5335,test
6171,06171.png,2,normal,5336,train
6172,06172.png,2,normal,3235,train
6173,06173.png,2,normal,5337,train
6174,06174.png,2,normal,5338,test
6175,06175.png,2,normal,5339,test
6176,06176.png,2,normal,5340,train
6177,06177.png,2,normal,5341,train
6178,06178.png,2,normal,5342,train
6179,06179.png,2,normal,5343,test
6180,06180.png,2,normal,5344,train
6181,06181.png,2,normal,5345,train
6182,06182.png,2,normal,5346,train
6183,06183.png,2,normal,5347,test
6184,06184.png,2,normal,5348,train
6185,06185.png,2,normal,5349,train
6186,06186.png,2,normal,5350,val
6187,06187.png,2,normal,5351,val
6188,06188.png,2,normal,2616,val
6189,06189.png,2,normal,5352,train
6190,06190.png,2,normal,5353,train
6191,06191.png,2,normal,5354,train
6192,06192.png,2,normal,5355,test
6193,06193.png,2,normal,5356,train
6194,06194.png,2,normal,5357,train
6195,06195.png,2,normal,5358,train
6196,06196.png,2,normal,5359,train
6197,06197.png,2,normal,5360,test
6198,06198.png,2,normal,5361,train
6199,06199.png,2,normal,5362,train
6200,06200.png,2,normal,5363,train
6201,06201.png,2,normal,5364,train
6202,06202.png,2,normal,4415,val
6203,06203.png,2,normal,5365,train
6204,06204.png,2,normal,5366,train
6205,06205.png,2,normal,5367,train
6206,06206.png,2,normal,5368,train
6207,06207.png,2,normal,5369,train
6208,06208.png,2,normal,5370,train
6209,06209.png,2,normal,5371,train
6210,06210.png,2,normal,5372,val
6211,06211.png,2,normal,5373,test
6212,06212.png,2,normal,5374,train
6213,06213.png,2,normal,5375,train
6214,06214.png,2,normal,5376,train
6215,06215.png,2,normal,5377,train
6216,06216.png,2,normal,5378,test
6217,06217.png,2,normal,5379,train
6218,06218.png,2,normal,5380,val
6219,06219.png,2,normal,5381,train
6220,06220.png,2,normal,5382,train
6221,06221.png,2,normal,5383,test
6222,06222.png,2,normal,5384,val
6223,06223.png,2,normal,5385,train
6224,06224.png,2,normal,5386,test
6225,06225.png,2,normal,5387,train
6226,06226.png,2,normal,5388,val
6227,06227.png,2,normal,5389,train
6228,06228.png,2,normal,5390,val
6229,06229.png,2,normal,5391,train
6230,06230.png,2,normal,5392,train
6231,06231.png,2,normal,5393,train
6232,06232.png,2,normal,5394,train
6233,06233.png,2,normal,5395,train
6234,06234.png,2,normal,5396,train
6235,06235.png,2,normal,5397,train
6236,06236.png,2,normal,5398,train
6237,06237.png,2,normal,5399,train
6238,06238.png,2,normal,5400,val
6239,06239.png,2,normal,5401,train
6240,06240.png,2,normal,5402,train
6241,06241.png,2,normal,5403,train
6242,06242.png,2,normal,5404,train
6243,06243.png,2,normal,5405,test
6244,06244.png,2,normal,5406,train
6245,06245.png,2,normal,5407,test
6246,06246.png,2,normal,5408,train
6247,06247.png,2,normal,5409,train
6248,06248.png,2,normal,2790,train
6249,06249.png,2,normal,5410,val
6250,06250.png,2,normal,5411,test
6251,06251.png,2,normal,5412,train
6252,06252.png,2,normal,5413,train
6253,06253.png,2,normal,5414,train
6254,06254.png,2,normal,5415,train
6255,06255.png,2,normal,5416,train
6256,06256.png,2,normal,5417,val
6257,06257.png,2,normal,5418,train
6258,06258.png,2,normal,5419,train
6259,06259.png,2,normal,5420,train
6260,06260.png,2,normal,5421,test
6261,06261.png,2,normal,5422,train
6262,06262.png,2,normal,5423,test
6263,06263.png,2,normal,5424,train
6264,06264.png,2,normal,5425,train
6265,06265.png,2,normal,5426,train
6266,06266.png,2,normal,5427,val
6267,06267.png,2,normal,5428,train
6268,06268.png,2,normal,5429,train
6269,06269.png,2,normal,5430,train
6270,06270.png,2,normal,5431,test
6271,06271.png,2,normal,5432,train
6272,06272.png,2,normal,5433,train
6273,06273.png,2,normal,2507,val
6274,06274.png,2,normal,5434,val
6275,06275.png,2,normal,5435,train
6276,06276.png,2,normal,5436,train
6277,06277.png,2,normal,5437,train
6278,06278.png,2,normal,5438,train
6279,06279.png,2,normal,5439,train
6280,06280.png,2,normal,5440,train
6281,06281.png,2,normal,5441,train
6282,06282.png,2,normal,4955,train
6283,06283.png,2,normal,5442,train
6284,06284.png,2,normal,5443,train
6285,06285.png,2,normal,5444,train
6286,06286.png,2,normal,5445,val
6287,06287.png,2,normal,5446,train
6288,06288.png,2,normal,2208,train
6289,06289.png,2,normal,5447,train
6290,06290.png,2,normal,5448,train
6291,06291.png,2,normal,5449,val
6292,06292.png,2,normal,5450,val
6293,06293.png,2,normal,5451,train
6294,06294.png,2,normal,5452,train
6295,06295.png,2,normal,5453,train
6296,06296.png,2,normal,5454,val
6297,06297.png,2,normal,5455,train
6298,06298.png,2,normal,5456,train
6299,06299.png,2,normal,5457,train
6300,06300.png,2,normal,5458,train
6301,06301.png,2,normal,5459,train
6302,06302.png,2,normal,3405,train
6303,06303.png,2,normal,5460,train
6304,06304.png,2,normal,5461,train
6305,06305.png,2,normal,5462,train
6306,06306.png,2,normal,5463,train
6307,06307.png,2,normal,5464,train
6308,06308.png,2,normal,5465,train
6309,06309.png,2,normal,5466,test
6310,06310.png,2,normal,5467,test
6311,06311.png,2,normal,5468,train
6312,06312.png,2,normal,5469,train
6313,06313.png,2,normal,5470,train
6314,06314.png,2,normal,5471,train
6315,06315.png,2,normal,5472,train
6316,06316.png,2,normal,5473,train
6317,06317.png,2,normal,5474,train
6318,06318.png,2,normal,5475,train
6319,06319.png,2,normal,5476,train
6320,06320.png,2,normal,5477,train
6321,06321.png,2,normal,5478,train
6322,06322.png,2,normal,5479,val
6323,06323.png,2,normal,5480,train
6324,06324.png,2,normal,5481,test
6325,06325.png,2,normal,5482,test
6326,06326.png,2,normal,5483,train
6327,06327.png,2,normal,5484,train
6328,06328.png,2,normal,5485,train
6329,06329.png,2,normal,5486,train
6330,06330.png,2,normal,5487,test
6331,06331.png,2,normal,5488,train
6332,06332.png,2,normal,5489,train
6333,06333.png,2,normal,5490,train
6334,06334.png,2,normal,5491,train
6335,06335.png,2,normal,5492,val
6336,06336.png,2,normal,5493,test
6337,06337.png,2,normal,5494,train
6338,06338.png,2,normal,5495,train
6339,06339.png,2,normal,5496,train
6340,06340.png,2,normal,5497,train
6341,06341.png,2,normal,5498,train
6342,06342.png,2,normal,5499,train
6343,06343.png,2,normal,5500,train
6344,06344.png,2,normal,5501,train
6345,06345.png,2,normal,5502,train
6346,06346.png,2,normal,5503,train
6347,06347.png,2,normal,5504,train
6348,06348.png,2,normal,5505,train
6349,06349.png,2,normal,2995,train
6350,06350.png,2,normal,5506,train
6351,06351.png,2,normal,5507,train
6352,06352.png,2,normal,5508,train
6353,06353.png,2,normal,5509,train
6354,06354.png,2,normal,5510,train
6355,06355.png,2,normal,5511,train
6356,06356.png,2,normal,5512,train
6357,06357.png,2,normal,5513,val
6358,06358.png,2,normal,5514,test
6359,06359.png,2,normal,5515,test
6360,06360.png,2,normal,5516,train
6361,06361.png,2,normal,5517,train
6362,06362.png,2,normal,5518,train
6363,06363.png,2,normal,5519,train
6364,06364.png,2,normal,5520,train
6365,06365.png,2,normal,5521,train
6366,06366.png,2,normal,5522,train
6367,06367.png,2,normal,5523,test
6368,06368.png,2,normal,5524,test
6369,06369.png,2,normal,5525,train
6370,06370.png,2,normal,2089,test
6371,06371.png,2,normal,5526,test
6372,06372.png,2,normal,5527,train
6373,06373.png,2,normal,5528,val
6374,06374.png,2,normal,5529,train
6375,06375.png,2,normal,5530,val
6376,06376.png,2,normal,5531,train
6377,06377.png,2,normal,5532,train
6378,06378.png,2,normal,5533,train
6379,06379.png,2,normal,5534,train
6380,06380.png,2,normal,2746,train
6381,06381.png,2,normal,5535,val
6382,06382.png,2,normal,5536,train
6383,06383.png,2,normal,5537,train
6384,06384.png,2,normal,5538,train
6385,06385.png,2,normal,5539,test
6386,06386.png,2,normal,5540,train
6387,06387.png,2,normal,5541,train
6388,06388.png,2,normal,5542,train
6389,06389.png,2,normal,5543,train
6390,06390.png,2,normal,5544,train
6391,06391.png,2,normal,5545,val
6392,06392.png,2,normal,5546,train
6393,06393.png,2,normal,5547,train
6394,06394.png,2,normal,5548,train
6395,06395.png,2,normal,5549,test
6396,06396.png,2,normal,5550,train
6397,06397.png,2,normal,5551,train
6398,06398.png,2,normal,5552,train
6399,06399.png,2,normal,5553,train
6400,06400.png,2,normal,2089,test
6401,06401.png,2,normal,5554,train
6402,06402.png,2,normal,5555,test
6403,06403.png,2,normal,5556,train
6404,06404.png,2,normal,5557,val
6405,06405.png,2,normal,5558,test
6406,06406.png,2,normal,5559,train
6407,06407.png,2,normal,5560,train
6408,06408.png,2,normal,5561,train
6409,06409.png,2,normal,5562,train
6410,06410.png,2,normal,3473,train
6411,06411.png,2,normal,5192,val
6412,06412.png,2,normal,5563,test
6413,06413.png,2,normal,5564,test
6414,06414.png,2,normal,5565,train
6415,06415.png,2,normal,5566,test
6416,06416.png,2,normal,5567,val
6417,06417.png,2,normal,5568,train
6418,06418.png,2,normal,5569,train
6419,06419.png,2,normal,5570,train
6420,06420.png,2,normal,5571,train
6421,06421.png,2,normal,5572,train
6422,06422.png,2,normal,5573,train
6423,06423.png,2,normal,5574,train
6424,06424.png,2,normal,5575,train
6425,06425.png,2,normal,5576,train
6426,06426.png,2,normal,5577,val
6427,06427.png,2,normal,5578,test
6428,06428.png,2,normal,5579,train
6429,06429.png,2,normal,5580,train
6430,06430.png,2,normal,5581,test
6431,06431.png,2,normal,4280,train
6432,06432.png,2,normal,5582,val
6433,06433.png,2,normal,5583,train
6434,06434.png,2,normal,5584,train
6435,06435.png,2,normal,5585,train
6436,06436.png,2,normal,5586,train
6437,06437.png,2,normal,5587,test
6438,06438.png,2,normal,5588,train
6439,06439.png,2,normal,5589,train
6440,06440.png,2,normal,5590,train
6441,06441.png,2,normal,5591,train
6442,06442.png,2,normal,5592,train
6443,06443.png,2,normal,5593,test
6444,06444.png,2,normal,5594,train
6445,06445.png,2,normal,5595,train
6446,06446.png,2,normal,5596,train
6447,06447.png,2,normal,5597,test
6448,06448.png,2,normal,5598,train
6449,06449.png,2,normal,5599,train
6450,06450.png,2,normal,5600,train
6451,06451.png,2,normal,5601,train
6452,06452.png,2,normal,5602,train
6453,06453.png,2,normal,5603,train
6454,06454.png,2,normal,5604,train
6455,06455.png,2,normal,5605,test
6456,06456.png,2,normal,5606,train
6457,06457.png,2,normal,5607,train
6458,06458.png,2,normal,5608,train
6459,06459.png,2,normal,5609,train
6460,06460.png,2,normal,5610,train
6461,06461.png,2,normal,5611,train
6462,06462.png,2,normal,5612,val
6463,06463.png,2,normal,5613,train
6464,06464.png,2,normal,5614,train
6465,06465.png,2,normal,5615,train
6466,06466.png,2,normal,5616,train
6467,06467.png,2,normal,5617,train
6468,06468.png,2,normal,5618,train
6469,06469.png,2,normal,5619,train
6470,06470.png,2,normal,5620,train
6471,06471.png,2,normal,5621,val
6472,06472.png,2,normal,5622,train
6473,06473.png,2,normal,5623,test
6474,06474.png,2,normal,4246,train
6475,06475.png,2,normal,5624,test
6476,06476.png,2,normal,5625,train
6477,06477.png,2,normal,5626,train
6478,06478.png,2,normal,5627,train
6479,06479.png,2,normal,5628,train
6480,06480.png,2,normal,5629,train
6481,06481.png,2,normal,5630,train
6482,06482.png,2,normal,5631,test
6483,06483.png,2,normal,5632,train
6484,06484.png,2,normal,5633,train
6485,06485.png,2,normal,5634,train
6486,06486.png,2,normal,5635,val
6487,06487.png,2,normal,5636,train
6488,06488.png,2,normal,5637,val
6489,06489.png,2,normal,5638,val
6490,06490.png,2,normal,5639,train
6491,06491.png,2,normal,5640,train
6492,06492.png,2,normal,5641,train
6493,06493.png,2,normal,5642,train
6494,06494.png,2,normal,5643,val
6495,06495.png,2,normal,5644,train
6496,06496.png,2,normal,5645,test
6497,06497.png,2,normal,5646,train
6498,06498.png,2,normal,5647,train
6499,06499.png,2,normal,5648,train
6500,06500.png,2,normal,5649,test
6501,06501.png,2,normal,5650,test
6502,06502.png,2,normal,5651,val
6503,06503.png,2,normal,5652,train
6504,06504.png,2,normal,5653,train
6505,06505.png,2,normal,5654,train
6506,06506.png,2,normal,5655,val
6507,06507.png,2,normal,5656,train
6508,06508.png,2,normal,5657,train
6509,06509.png,2,normal,5658,train
6510,06510.png,2,normal,5659,train
6511,06511.png,2,normal,5660,train
6512,06512.png,2,normal,5661,train
6513,06513.png,2,normal,5662,train
6514,06514.png,2,normal,5663,train
6515,06515.png,2,normal,5664,train
6516,06516.png,2,normal,5665,train
6517,06517.png,2,normal,5666,train
6518,06518.png,2,normal,5667,train
6519,06519.png,2,normal,5668,train
6520,06520.png,2,normal,5669,train
6521,06521.png,2,normal,5670,val
6522,06522.png,2,normal,5671,train
6523,06523.png,2,normal,5672,test
6524,06524.png,2,normal,5673,test
6525,06525.png,2,normal,5674,train
6526,06526.png,2,normal,5675,train
6527,06527.png,2,normal,5676,train
6528,06528.png,2,normal,5677,train
6529,06529.png,2,normal,5678,train
6530,06530.png,2,normal,5679,train
6531,06531.png,2,normal,5680,test
6532,06532.png,2,normal,5681,train
6533,06533.png,2,normal,5682,train
6534,06534.png,2,normal,5683,train
6535,06535.png,2,normal,5684,train
6536,06536.png,2,normal,5685,test
6537,06537.png,2,normal,5686,train
6538,06538.png,2,normal,5687,test
6539,06539.png,2,normal,5688,train
6540,06540.png,2,normal,5689,train
6541,06541.png,2,normal,5690,test
6542,06542.png,2,normal,5691,test
6543,06543.png,2,normal,2957,test
6544,06544.png,2,normal,5692,train
6545,06545.png,2,normal,5693,val
6546,06546.png,2,normal,5694,train
6547,06547.png,2,normal,5695,train
6548,06548.png,2,normal,5696,train
6549,06549.png,2,normal,5697,train
6550,06550.png,2,normal,5698,train
6551,06551.png,2,normal,5699,train
6552,06552.png,2,normal,5700,train
6553,06553.png,2,normal,5701,train
6554,06554.png,2,normal,5702,train
6555,06555.png,2,normal,5703,train
6556,06556.png,2,normal,5704,test
6557,06557.png,2,normal,5705,train
6558,06558.png,2,normal,5706,train
6559,06559.png,2,normal,5707,val
6560,06560.png,2,normal,5708,test
6561,06561.png,2,normal,5709,train
6562,06562.png,2,normal,5710,train
6563,06563.png,2,normal,5711,train
6564,06564.png,2,normal,5712,test
6565,06565.png,2,normal,5713,train
6566,06566.png,2,normal,5714,train
6567,06567.png,2,normal,5715,train
6568,06568.png,2,normal,5716,test
6569,06569.png,2,normal,5717,train
6570,06570.png,2,normal,5718,train
6571,06571.png,2,normal,5719,test
6572,06572.png,2,normal,5720,train
6573,06573.png,2,normal,5721,val
6574,06574.png,2,normal,5722,val
6575,06575.png,2,normal,5723,val
6576,06576.png,2,normal,2277,val
6577,06577.png,2,normal,5724,train
6578,06578.png,2,normal,5725,val
6579,06579.png,2,normal,5726,train
6580,06580.png,2,normal,5727,val
6581,06581.png,2,normal,5728,train
6582,06582.png,2,normal,3554,train
6583,06583.png,2,normal,5729,train
6584,06584.png,2,normal,5730,train
6585,06585.png,2,normal,5731,train
6586,06586.png,2,normal,5732,train
6587,06587.png,2,normal,5733,val
6588,06588.png,2,normal,5734,test
6589,06589.png,2,normal,5735,train
6590,06590.png,2,normal,5736,train
6591,06591.png,2,normal,5737,train
6592,06592.png,2,normal,5738,train
6593,06593.png,2,normal,5739,train
6594,06594.png,2,normal,5740,train
6595,06595.png,2,normal,5741,train
6596,06596.png,2,normal,5742,train
6597,06597.png,2,normal,5743,val
6598,06598.png,2,normal,5744,val
6599,06599.png,2,normal,5745,val
6600,06600.png,2,normal,5746,train
6601,06601.png,2,normal,5747,train
6602,06602.png,2,normal,5748,train
6603,06603.png,2,normal,5749,train
6604,06604.png,2,normal,5750,train
6605,06605.png,2,normal,5751,train
6606,06606.png,2,normal,5752,train
6607,06607.png,2,normal,5753,val
6608,06608.png,2,normal,5754,train
6609,06609.png,2,normal,5755,val
6610,06610.png,2,normal,5756,train
6611,06611.png,2,normal,4415,val
6612,06612.png,2,normal,5757,train
6613,06613.png,2,normal,5758,val
6614,06614.png,2,normal,5759,train
6615,06615.png,2,normal,5760,test
6616,06616.png,2,normal,5761,train
6617,06617.png,2,normal,5762,train
6618,06618.png,2,normal,5763,val
6619,06619.png,2,normal,5764,train
6620,06620.png,2,normal,5765,val
6621,06621.png,2,normal,5766,train
6622,06622.png,2,normal,4651,train
6623,06623.png,2,normal,5767,test
6624,06624.png,2,normal,5768,train
6625,06625.png,2,normal,5769,train
6626,06626.png,2,normal,5770,test
6627,06627.png,2,normal,5771,train
6628,06628.png,2,normal,5772,train
6629,06629.png,2,normal,5773,train
6630,06630.png,2,normal,5774,train
6631,06631.png,2,normal,5775,test
6632,06632.png,2,normal,5776,train
6633,06633.png,2,normal,5777,train
6634,06634.png,2,normal,5778,val
6635,06635.png,2,normal,5779,train
6636,06636.png,2,normal,5780,train
6637,06637.png,2,normal,5781,train
6638,06638.png,2,normal,5782,train
6639,06639.png,2,normal,5783,train
6640,06640.png,2,normal,2306,test
6641,06641.png,2,normal,5784,val
6642,06642.png,2,normal,5785,train
6643,06643.png,2,normal,5786,train
6644,06644.png,2,normal,5787,val
6645,06645.png,2,normal,5788,train
6646,06646.png,2,normal,5789,train
6647,06647.png,2,normal,4114,train
6648,06648.png,2,normal,5790,train
6649,06649.png,2,normal,5791,train
6650,06650.png,2,normal,5792,train
6651,06651.png,2,normal,5793,train
6652,06652.png,2,normal,3957,train
6653,06653.png,2,normal,5794,train
6654,06654.png,2,normal,5795,train
6655,06655.png,2,normal,5796,train
6656,06656.png,2,normal,5797,test
6657,06657.png,2,normal,5798,train
6658,06658.png,2,normal,5799,train
6659,06659.png,2,normal,5800,train
6660,06660.png,2,normal,5801,train
6661,06661.png,2,normal,5802,train
6662,06662.png,2,normal,5803,val
6663,06663.png,2,normal,5804,train
6664,06664.png,2,normal,5805,train
6665,06665.png,2,normal,5806,train
6666,06666.png,2,normal,5807,test
6667,06667.png,2,normal,5808,test
6668,06668.png,2,normal,5809,test
6669,06669.png,2,normal,5810,train
6670,06670.png,2,normal,5811,train
6671,06671.png,2,normal,5812,train
6672,06672.png,2,normal,5813,train
6673,06673.png,2,normal,5814,train
6674,06674.png,2,normal,5815,train
6675,06675.png,2,normal,5816,train
6676,06676.png,2,normal,5817,train
6677,06677.png,2,normal,5818,train
6678,06678.png,2,normal,5819,train
6679,06679.png,2,normal,5820,train
6680,06680.png,2,normal,5484,train
6681,06681.png,2,normal,2843,train
6682,06682.png,2,normal,5821,test
6683,06683.png,2,normal,5822,train
6684,06684.png,2,normal,5823,train
6685,06685.png,2,normal,5824,train
6686,06686.png,2,normal,5825,train
6687,06687.png,2,normal,5826,train
6688,06688.png,2,normal,5827,train
6689,06689.png,2,normal,5828,train
6690,06690.png,2,normal,5829,train
6691,06691.png,2,normal,5830,test
6692,06692.png,2,normal,5831,train
6693,06693.png,2,normal,5832,train
6694,06694.png,2,normal,5833,train
6695,06695.png,2,normal,5834,train
6696,06696.png,2,normal,5835,train
6697,06697.png,2,normal,5836,train
6698,06698.png,2,normal,5837,train
6699,06699.png,2,normal,5838,val
6700,06700.png,2,normal,5839,train
6701,06701.png,2,normal,5840,val
6702,06702.png,2,normal,5841,train
6703,06703.png,2,normal,5842,train
6704,06704.png,2,normal,5843,train
6705,06705.png,2,normal,5844,test
6706,06706.png,2,normal,5845,train
6707,06707.png,2,normal,3910,train
6708,06708.png,2,normal,5846,train
6709,06709.png,2,normal,5847,val
6710,06710.png,2,normal,5848,train
6711,06711.png,2,normal,5849,test
6712,06712.png,2,normal,5850,train
6713,06713.png,2,normal,5851,train
6714,06714.png,2,normal,5852,val
6715,06715.png,2,normal,5853,train
6716,06716.png,2,normal,5854,train
6717,06717.png,2,normal,5855,train
6718,06718.png,2,normal,5856,train
6719,06719.png,2,normal,5857,train
6720,06720.png,2,normal,5858,train
6721,06721.png,2,normal,5859,train
6722,06722.png,2,normal,5860,val
6723,06723.png,2,normal,5861,train
6724,06724.png,2,normal,5862,train
6725,06725.png,2,normal,5863,val
6726,06726.png,2,normal,5864,test
6727,06727.png,2,normal,5865,test
6728,06728.png,2,normal,5866,val
6729,06729.png,2,normal,4508,val
6730,06730.png,2,normal,5867,train
6731,06731.png,2,normal,5868,train
6732,06732.png,2,normal,5312,train
6733,06733.png,2,normal,5869,train
6734,06734.png,2,normal,5870,train
6735,06735.png,2,normal,5871,train
6736,06736.png,2,normal,5872,val
6737,06737.png,2,normal,5873,train
6738,06738.png,2,normal,5874,train
6739,06739.png,2,normal,5875,train
6740,06740.png,2,normal,5876,val
6741,06741.png,2,normal,5877,val
6742,06742.png,2,normal,5878,test
6743,06743.png,2,normal,5879,train
6744,06744.png,2,normal,5880,train
6745,06745.png,2,normal,5881,val
6746,06746.png,2,normal,5882,train
6747,06747.png,2,normal,5883,train
6748,06748.png,2,normal,5884,train
6749,06749.png,2,normal,5885,train
6750,06750.png,2,normal,4151,train
6751,06751.png,2,normal,5886,train
6752,06752.png,2,normal,5887,val
6753,06753.png,2,normal,5888,test
6754,06754.png,2,normal,5477,train
6755,06755.png,2,normal,5889,train
6756,06756.png,2,normal,5890,train
6757,06757.png,2,normal,5891,train
6758,06758.png,2,normal,5892,train
6759,06759.png,2,normal,5893,train
6760,06760.png,2,normal,5894,train
6761,06761.png,2,normal,5895,train
6762,06762.png,2,normal,5896,train
6763,06763.png,2,normal,5897,train
6764,06764.png,2,normal,5898,test
6765,06765.png,2,normal,5899,train
6766,06766.png,2,normal,5900,test
6767,06767.png,2,normal,5901,train
6768,06768.png,2,normal,5902,train
6769,06769.png,2,normal,5903,test
6770,06770.png,2,normal,5904,train
6771,06771.png,2,normal,5905,val
6772,06772.png,2,normal,5906,val
6773,06773.png,2,normal,5907,train
6774,06774.png,2,normal,5908,val
6775,06775.png,2,normal,5909,train
6776,06776.png,2,normal,5910,train
6777,06777.png,2,normal,5911,train
6778,06778.png,2,normal,5912,train
6779,06779.png,2,normal,5913,val
6780,06780.png,2,normal,5914,val
6781,06781.png,2,normal,5915,train
6782,06782.png,2,normal,5916,train
6783,06783.png,2,normal,5917,train
6784,06784.png,2,normal,5918,train
6785,06785.png,2,normal,5919,test
6786,06786.png,2,normal,5920,val
6787,06787.png,2,normal,5921,test
6788,06788.png,2,normal,5922,test
6789,06789.png,2,normal,5923,train
6790,06790.png,2,normal,5924,train
6791,06791.png,2,normal,5925,train
6792,06792.png,2,normal,5926,train
6793,06793.png,2,normal,5927,val
6794,06794.png,2,normal,5928,train
6795,06795.png,2,normal,5929,train
6796,06796.png,2,normal,5930,test
6797,06797.png,2,normal,5931,test
6798,06798.png,2,normal,5932,train
6799,06799.png,2,normal,5933,train
6800,06800.png,2,normal,5934,train
6801,06801.png,2,normal,5935,test
6802,06802.png,2,normal,5936,train
6803,06803.png,2,normal,5937,train
6804,06804.png,2,normal,5938,train
6805,06805.png,2,normal,5939,val
6806,06806.png,2,normal,5940,val
6807,06807.png,2,normal,5941,train
6808,06808.png,2,normal,5942,test
6809,06809.png,2,normal,5943,train
6810,06810.png,2,normal,5944,train
6811,06811.png,2,normal,1926,train
6812,06812.png,2,normal,5945,test
6813,06813.png,2,normal,5946,val
6814,06814.png,2,normal,5947,train
6815,06815.png,2,normal,5948,train
6816,06816.png,2,normal,4633,val
6817,06817.png,2,normal,5949,train
6818,06818.png,2,normal,5950,train
6819,06819.png,2,normal,5951,train
6820,06820.png,2,normal,5952,train
6821,06821.png,2,normal,5953,val
6822,06822.png,2,normal,5954,train
6823,06823.png,2,normal,5955,train
6824,06824.png,2,normal,5956,train
6825,06825.png,2,normal,5957,val
6826,06826.png,2,normal,5958,val
6827,06827.png,2,normal,5959,train
6828,06828.png,2,normal,5960,train
6829,06829.png,2,normal,5961,test
6830,06830.png,2,normal,5962,train
6831,06831.png,2,normal,5963,val
6832,06832.png,2,normal,5964,train
6833,06833.png,2,normal,5965,train
6834,06834.png,2,normal,5966,train
6835,06835.png,2,normal,5967,train
6836,06836.png,2,normal,5968,train
6837,06837.png,2,normal,5969,train
6838,06838.png,2,normal,5970,train
6839,06839.png,2,normal,5971,test
6840,06840.png,2,normal,5972,train
6841,06841.png,2,normal,5053,train
6842,06842.png,2,normal,5973,test
6843,06843.png,2,normal,5974,train
6844,06844.png,2,normal,5975,train
6845,06845.png,2,normal,3957,train
6846,06846.png,2,normal,5976,test
6847,06847.png,2,normal,5977,train
6848,06848.png,2,normal,5978,val
6849,06849.png,2,normal,5979,train
6850,06850.png,2,normal,5980,val
6851,06851.png,2,normal,5981,train
6852,06852.png,2,normal,5982,val
6853,06853.png,2,normal,5983,train
6854,06854.png,2,normal,5984,train
6855,06855.png,2,normal,5985,train
6856,06856.png,2,normal,5986,train
6857,06857.png,2,normal,5987,train
6858,06858.png,2,normal,5988,test
6859,06859.png,2,normal,5989,train
6860,06860.png,2,normal,5990,train
6861,06861.png,2,normal,5991,train
6862,06862.png,2,normal,5992,train
6863,06863.png,2,normal,5336,train
6864,06864.png,2,normal,5993,train
6865,06865.png,2,normal,5994,train
6866,06866.png,2,normal,5995,train
6867,06867.png,2,normal,5996,train
6868,06868.png,2,normal,5997,train
6869,06869.png,2,normal,5998,val
6870,06870.png,2,normal,5846,train
6871,06871.png,2,normal,5999,val
6872,06872.png,2,normal,6000,val
6873,06873.png,2,normal,2678,train
6874,06874.png,2,normal,6001,train
6875,06875.png,2,normal,6002,train
6876,06876.png,2,normal,6003,train
6877,06877.png,2,normal,6004,train
6878,06878.png,2,normal,6005,test
6879,06879.png,2,normal,6006,val
6880,06880.png,2,normal,6007,train
6881,06881.png,2,normal,6008,train
6882,06882.png,2,normal,6009,train
6883,06883.png,2,normal,6010,train
6884,06884.png,2,normal,6011,train
6885,06885.png,2,normal,6012,train
6886,06886.png,2,normal,6013,test
6887,06887.png,2,normal,6014,train
6888,06888.png,2,normal,6015,train
6889,06889.png,2,normal,6016,train
6890,06890.png,2,normal,6017,train
6891,06891.png,2,normal,6018,test
6892,06892.png,2,normal,6019,train
6893,06893.png,2,normal,6020,train
6894,06894.png,2,normal,6021,train
6895,06895.png,2,normal,6022,train
6896,06896.png,2,normal,6023,train
6897,06897.png,2,normal,6024,train
6898,06898.png,2,normal,6025,train
6899,06899.png,2,normal,6026,val
6900,06900.png,2,normal,6027,test
6901,06901.png,2,normal,6028,train
6902,06902.png,2,normal,6029,train
6903,06903.png,2,normal,6030,train
6904,06904.png,2,normal,6031,val
6905,06905.png,2,normal,6032,train
6906,06906.png,2,normal,6033,train
6907,06907.png,2,normal,6034,test
6908,06908.png,2,normal,6035,val
6909,06909.png,2,normal,1926,train
6910,06910.png,2,normal,6036,test
6911,06911.png,2,normal,6037,test
6912,06912.png,2,normal,6038,test
6913,06913.png,2,normal,6039,train
6914,06914.png,2,normal,6040,train
6915,06915.png,2,normal,6041,train
6916,06916.png,2,normal,6042,test
6917,06917.png,2,normal,6043,train
6918,06918.png,2,normal,6044,train
6919,06919.png,2,normal,6045,train
6920,06920.png,2,normal,6046,test
6921,06921.png,2,normal,6047,test
6922,06922.png,2,normal,6048,train
6923,06923.png,2,normal,6049,train
6924,06924.png,2,normal,6050,train
6925,06925.png,2,normal,6051,test
6926,06926.png,2,normal,6052,train
6927,06927.png,2,normal,6053,train
6928,06928.png,2,normal,6054,val
6929,06929.png,2,normal,6055,train
6930,06930.png,2,normal,6056,train
6931,06931.png,2,normal,6057,test
6932,06932.png,2,normal,6058,train
6933,06933.png,2,normal,6059,train
6934,06934.png,2,normal,6060,test
6935,06935.png,2,normal,6061,train
6936,06936.png,2,normal,6062,train
6937,06937.png,2,normal,6063,train
6938,06938.png,2,normal,6064,train
6939,06939.png,2,normal,6065,train
6940,06940.png,2,normal,6066,val
6941,06941.png,2,normal,6067,train
6942,06942.png,2,normal,6068,train
6943,06943.png,2,normal,6069,test
6944,06944.png,2,normal,6070,train
6945,06945.png,2,normal,6071,test
6946,06946.png,2,normal,6072,train
6947,06947.png,2,normal,6073,train
6948,06948.png,2,normal,6074,train
6949,06949.png,2,normal,6075,train
6950,06950.png,2,normal,6076,train
6951,06951.png,2,normal,6077,train
6952,06952.png,2,normal,6078,train
6953,06953.png,2,normal,6079,train
6954,06954.png,2,normal,6080,train
6955,06955.png,2,normal,6081,train
6956,06956.png,2,normal,6082,val
6957,06957.png,2,normal,6083,train
6958,06958.png,2,normal,6084,train
6959,06959.png,2,normal,6085,train
6960,06960.png,2,normal,6086,val
6961,06961.png,2,normal,6087,train
6962,06962.png,2,normal,6088,train
6963,06963.png,2,normal,6089,train
6964,06964.png,2,normal,6090,val
6965,06965.png,2,normal,6091,train
6966,06966.png,2,normal,6092,train
6967,06967.png,2,normal,6093,train
6968,06968.png,2,normal,6094,val
6969,06969.png,2,normal,6095,val
6970,06970.png,2,normal,6096,train
6971,06971.png,2,normal,6097,val
6972,06972.png,2,normal,6098,val
6973,06973.png,2,normal,6099,train
6974,06974.png,2,normal,6100,train
6975,06975.png,2,normal,6101,train
6976,06976.png,2,normal,6102,train
6977,06977.png,2,normal,6103,train
6978,06978.png,2,normal,6104,val
6979,06979.png,2,normal,6105,train
6980,06980.png,2,normal,6106,train
6981,06981.png,2,normal,6107,train
6982,06982.png,2,normal,6108,train
6983,06983.png,2,normal,6109,train
6984,06984.png,2,normal,6110,train
6985,06985.png,2,normal,6111,train
6986,06986.png,2,normal,2460,train
6987,06987.png,2,normal,6112,test
6988,06988.png,2,normal,6113,train
6989,06989.png,2,normal,6114,train
6990,06990.png,2,normal,6115,train
6991,06991.png,2,normal,6116,test
6992,06992.png,2,normal,6117,test
6993,06993.png,2,normal,6118,val
6994,06994.png,2,normal,6119,train
6995,06995.png,2,normal,6120,train
6996,06996.png,2,normal,6121,val
6997,06997.png,2,normal,6122,test
6998,06998.png,2,normal,6123,train
6999,06999.png,2,normal,6124,train
7000,07000.png,2,normal,6125,train
7001,07001.png,2,normal,6126,train
7002,07002.png,2,normal,6127,train
7003,07003.png,2,normal,6128,train
7004,07004.png,2,normal,6129,test
7005,07005.png,2,normal,6130,train
7006,07006.png,2,normal,6131,test
7007,07007.png,2,normal,6132,train
7008,07008.png,2,normal,6133,val
7009,07009.png,2,normal,6134,train
7010,07010.png,2,normal,6135,train
7011,07011.png,2,normal,6136,test
7012,07012.png,2,normal,6137,val
7013,07013.png,2,normal,6138,train
7014,07014.png,2,normal,6139,test
7015,07015.png,2,normal,6140,val
7016,07016.png,2,normal,6141,train
7017,07017.png,2,normal,6142,train
7018,07018.png,2,normal,6143,train
7019,07019.png,2,normal,6144,test
7020,07020.png,2,normal,6145,train
7021,07021.png,2,normal,6146,train
7022,07022.png,2,normal,6147,train
7023,07023.png,2,normal,6148,test
7024,07024.png,2,normal,6149,train
7025,07025.png,2,normal,6150,train
7026,07026.png,2,normal,6151,train
7027,07027.png,2,normal,6152,train
7028,07028.png,2,normal,6153,train
7029,07029.png,2,normal,6154,train
7030,07030.png,2,normal,6155,train
7031,07031.png,2,normal,6156,test
7032,07032.png,2,normal,2547,val
7033,07033.png,2,normal,6157,val
7034,07034.png,2,normal,6158,train
7035,07035.png,2,normal,6159,test
7036,07036.png,2,normal,6160,test
7037,07037.png,2,normal,6161,train
7038,07038.png,2,normal,6162,train
7039,07039.png,2,normal,6163,train
7040,07040.png,2,normal,6164,train
7041,07041.png,2,normal,6165,train
7042,07042.png,2,normal,6166,val
7043,07043.png,2,normal,6167,train
7044,07044.png,2,normal,6168,train
7045,07045.png,2,normal,6169,train
7046,07046.png,2,normal,6170,train
7047,07047.png,2,normal,6171,train
7048,07048.png,2,normal,6172,train
7049,07049.png,2,normal,6173,test
7050,07050.png,2,normal,6174,train
7051,07051.png,2,normal,6175,test
7052,07052.png,2,normal,6176,train
7053,07053.png,2,normal,6177,train
7054,07054.png,2,normal,6178,test
7055,07055.png,2,normal,6179,train
7056,07056.png,2,normal,6180,train
7057,07057.png,2,normal,6181,train
7058,07058.png,2,normal,6182,train
7059,07059.png,2,normal,6183,train
7060,07060.png,2,normal,6184,train
7061,07061.png,2,normal,6185,test
7062,07062.png,2,normal,6186,train
7063,07063.png,2,normal,6187,val
7064,07064.png,2,normal,6188,train
7065,07065.png,2,normal,6189,train
7066,07066.png,2,normal,6190,val
7067,07067.png,2,normal,6191,train
7068,07068.png,2,normal,6192,train
7069,07069.png,2,normal,6193,train
7070,07070.png,2,normal,6194,train
7071,07071.png,2,normal,6195,train
7072,07072.png,2,normal,6196,val
7073,07073.png,2,normal,6197,val
7074,07074.png,2,normal,6198,train
7075,07075.png,2,normal,6199,train
7076,07076.png,2,normal,6200,train
7077,07077.png,2,normal,6201,train
7078,07078.png,2,normal,6202,test
7079,07079.png,2,normal,6203,test
7080,07080.png,2,normal,6204,train
7081,07081.png,2,normal,6205,train
7082,07082.png,2,normal,6206,train
7083,07083.png,2,normal,6207,val
7084,07084.png,2,normal,6208,train
7085,07085.png,2,normal,6209,train
7086,07086.png,2,normal,6210,train
7087,07087.png,2,normal,6211,train
7088,07088.png,2,normal,6212,val
7089,07089.png,2,normal,6213,train
7090,07090.png,2,normal,3318,test
7091,07091.png,2,normal,6214,test
7092,07092.png,2,normal,6215,val
7093,07093.png,2,normal,6216,train
7094,07094.png,2,normal,6217,val
7095,07095.png,2,normal,6218,train
7096,07096.png,2,normal,6219,train
7097,07097.png,2,normal,6220,train
7098,07098.png,2,normal,6221,test
7099,07099.png,2,normal,6222,test
7100,07100.png,2,normal,6223,train
7101,07101.png,2,normal,6224,train
7102,07102.png,2,normal,6225,train
7103,07103.png,2,normal,6226,test
7104,07104.png,2,normal,6227,val
7105,07105.png,2,normal,6228,test
7106,07106.png,2,normal,6229,train
7107,07107.png,2,normal,6230,train
7108,07108.png,2,normal,6231,test
7109,07109.png,2,normal,6232,test
7110,07110.png,2,normal,6233,val
7111,07111.png,2,normal,6234,test
7112,07112.png,2,normal,6235,test
7113,07113.png,2,normal,6236,train
7114,07114.png,2,normal,6237,train
7115,07115.png,2,normal,6238,val
7116,07116.png,2,normal,6239,train
7117,07117.png,2,normal,6240,train
7118,07118.png,2,normal,6241,train
7119,07119.png,2,normal,6242,test
7120,07120.png,2,normal,6243,train
7121,07121.png,2,normal,6244,train
7122,07122.png,2,normal,6245,train
7123,07123.png,2,normal,6246,train
7124,07124.png,2,normal,6247,train
7125,07125.png,2,normal,6248,train
7126,07126.png,2,normal,6249,train
7127,07127.png,2,normal,6250,val
7128,07128.png,2,normal,6251,train
7129,07129.png,2,normal,6252,train
7130,07130.png,2,normal,6253,train
7131,07131.png,2,normal,6254,train
7132,07132.png,2,normal,6255,test
7133,07133.png,2,normal,6256,test
7134,07134.png,2,normal,5392,train
7135,07135.png,2,normal,6257,train
7136,07136.png,2,normal,6258,train
7137,07137.png,2,normal,2215,train
7138,07138.png,2,normal,2872,train
7139,07139.png,2,normal,6259,val
7140,07140.png,2,normal,6260,train
7141,07141.png,2,normal,6261,test
7142,07142.png,2,normal,6262,train
7143,07143.png,2,normal,6263,train
7144,07144.png,2,normal,6264,train
7145,07145.png,2,normal,6265,train
7146,07146.png,2,normal,6266,train
7147,07147.png,2,normal,6267,train
7148,07148.png,2,normal,6268,train
7149,07149.png,2,normal,6269,train
7150,07150.png,2,normal,6270,train
7151,07151.png,2,normal,6271,train
7152,07152.png,2,normal,6272,train
7153,07153.png,2,normal,6273,val
7154,07154.png,2,normal,6274,test
7155,07155.png,2,normal,6275,test
7156,07156.png,2,normal,6276,test
7157,07157.png,2,normal,6277,train
7158,07158.png,2,normal,6278,train
7159,07159.png,2,normal,6279,train
7160,07160.png,2,normal,6280,train
7161,07161.png,2,normal,6281,train
7162,07162.png,2,normal,6282,train
7163,07163.png,2,normal,6283,train
7164,07164.png,2,normal,6284,train
7165,07165.png,2,normal,6285,train
7166,07166.png,2,normal,6286,test
7167,07167.png,2,normal,6287,val
7168,07168.png,2,normal,6288,val
7169,07169.png,2,normal,6289,val
7170,07170.png,2,normal,6290,train
7171,07171.png,2,normal,6291,train
7172,07172.png,2,normal,6292,train
7173,07173.png,2,normal,6293,train
7174,07174.png,2,normal,6294,train
7175,07175.png,2,normal,6295,train
7176,07176.png,2,normal,6296,train
7177,07177.png,2,normal,6297,val
7178,07178.png,2,normal,6298,test
7179,07179.png,2,normal,6299,train
7180,07180.png,2,normal,6300,train
7181,07181.png,2,normal,6301,train
7182,07182.png,2,normal,6302,train
7183,07183.png,2,normal,6303,train
7184,07184.png,2,normal,6304,train
7185,07185.png,2,normal,5484,train
7186,07186.png,2,normal,6305,train
7187,07187.png,2,normal,6306,test
7188,07188.png,2,normal,6307,train
7189,07189.png,2,normal,6308,train
7190,07190.png,2,normal,6309,val
7191,07191.png,2,normal,6310,train
7192,07192.png,2,normal,6311,val
7193,07193.png,2,normal,6312,train
7194,07194.png,2,normal,6313,train
7195,07195.png,2,normal,6314,val
7196,07196.png,2,normal,6315,val
7197,07197.png,2,normal,6316,val
7198,07198.png,2,normal,6317,train
7199,07199.png,2,normal,6318,val
7200,07200.png,2,normal,6319,val
7201,07201.png,2,normal,6320,train
